contrast_id,family_slug,contrast_kind,baseline_tag,variant_tag,endpoint,n_samples,mean_delta,median_delta,std_delta,effect_size_dz,positive_share,ci_low,ci_high,sign_flip_pvalue
a1_abstain_toggle:v3_a1_gpt_4_1_abstain_false__vs__v3_a1_gpt_4_1_abstain_true,a1_abstain_toggle,abstain_toggle,v3_a1_gpt_4_1_abstain_false,v3_a1_gpt_4_1_abstain_true,abstain_rate,30,0.2016666666666667,0.175,0.15563182312051765,1.2957932550240752,0.9,0.14833333333333337,0.25833333333333336,0.0001999600079984003
a1_abstain_toggle:v3_a1_gpt_4_1_abstain_false__vs__v3_a1_gpt_4_1_abstain_true,a1_abstain_toggle,abstain_toggle,v3_a1_gpt_4_1_abstain_false,v3_a1_gpt_4_1_abstain_true,closed_world_conflict,30,-0.03368832983333333,0.0,0.18251151305595315,-0.18458194373198467,0.13333333333333333,-0.10050817057083335,-2.9999912499971046e-05,0.05898820235952809
a1_abstain_toggle:v3_a1_gpt_4_1_abstain_false__vs__v3_a1_gpt_4_1_abstain_true,a1_abstain_toggle,abstain_toggle,v3_a1_gpt_4_1_abstain_false,v3_a1_gpt_4_1_abstain_true,closed_world_expected_stage,30,0.26666666666666666,0.0,0.6396838299494921,0.4168726082816913,0.16666666666666666,0.06666666666666667,0.5,0.06598680263947211
a1_abstain_toggle:v3_a1_gpt_4_1_abstain_false__vs__v3_a1_gpt_4_1_abstain_true,a1_abstain_toggle,abstain_toggle,v3_a1_gpt_4_1_abstain_false,v3_a1_gpt_4_1_abstain_true,mean_expected_stage,30,0.1998407193511683,0.25,0.627477435076157,0.3184827185489365,0.7666666666666667,-0.0343548832685346,0.4125953130886856,0.09138172365526895
a1_abstain_toggle:v3_a1_gpt_4_1_abstain_false__vs__v3_a1_gpt_4_1_abstain_true,a1_abstain_toggle,abstain_toggle,v3_a1_gpt_4_1_abstain_false,v3_a1_gpt_4_1_abstain_true,mean_score_expert_agreement_prob,30,0.02956666666666667,0.019999999999999796,0.06437052406044314,0.4593199620202553,0.6333333333333333,0.008379583333333374,0.05249166666666658,0.016196760647870425
a1_abstain_toggle:v3_a1_gpt_4_1_abstain_false__vs__v3_a1_gpt_4_1_abstain_true,a1_abstain_toggle,abstain_toggle,v3_a1_gpt_4_1_abstain_false,v3_a1_gpt_4_1_abstain_true,mean_subset_size,30,0.024368777650511413,0.05555555555555558,0.2951995535213541,0.08255018464568453,0.5666666666666667,-0.08289968392890215,0.12291241379592767,0.6442711457708459
a1_abstain_toggle:v3_a1_gpt_4_1_abstain_false__vs__v3_a1_gpt_4_1_abstain_true,a1_abstain_toggle,abstain_toggle,v3_a1_gpt_4_1_abstain_false,v3_a1_gpt_4_1_abstain_true,mid_scale_mass,30,0.10317534031156322,0.11081871345029243,0.3229383735365741,0.3194892548125074,0.5333333333333333,-0.00935560374247166,0.21244115582392792,0.08878224355128975
a1_abstain_toggle:v3_a1_gpt_4_1_abstain_false__vs__v3_a1_gpt_4_1_abstain_true,a1_abstain_toggle,abstain_toggle,v3_a1_gpt_4_1_abstain_false,v3_a1_gpt_4_1_abstain_true,singleton_rate,30,-0.047105152902366526,-0.06349206349206352,0.2169468402434705,-0.21712762836048846,0.36666666666666664,-0.12218866796043655,0.02995730460987806,0.2435512897420516
a1_abstain_toggle:v3_a1_gpt_4_1_abstain_false__vs__v3_a1_gpt_4_1_abstain_true,a1_abstain_toggle,abstain_toggle,v3_a1_gpt_4_1_abstain_false,v3_a1_gpt_4_1_abstain_true,stage_entropy,30,-0.0059831659753260625,0.03469961444888797,0.22178257832429746,-0.0269776193447318,0.6,-0.09062975103759671,0.06874129345701507,0.8844231153769246
a1_abstain_toggle:v3_a1_gpt_4_1_abstain_false__vs__v3_a1_gpt_4_1_abstain_true,a1_abstain_toggle,abstain_toggle,v3_a1_gpt_4_1_abstain_false,v3_a1_gpt_4_1_abstain_true,tbm_conflict,30,0.004364444915130276,5.551115123125783e-17,0.01860734888194282,0.23455490316332359,0.5,0.0003558639159208855,0.011568294676307971,0.007198560287942412
a1_abstain_toggle:v3_a1_gpt_4_1_abstain_false__vs__v3_a1_gpt_4_1_abstain_true,a1_abstain_toggle,abstain_toggle,v3_a1_gpt_4_1_abstain_false,v3_a1_gpt_4_1_abstain_true,tbm_expected_stage,30,-0.49613090209971833,0.0,1.0299279562524837,-0.4817141811597678,0.03333333333333333,-0.8690887787968113,-0.1595238440159551,0.009598080383923215
a1_abstain_toggle:v3_a1_gpt_5_2_abstain_false__vs__v3_a1_gpt_5_2_abstain_true,a1_abstain_toggle,abstain_toggle,v3_a1_gpt_5_2_abstain_false,v3_a1_gpt_5_2_abstain_true,abstain_rate,30,0.4383333333333333,0.45,0.17104311481739562,2.5627066824718128,1.0,0.37666666666666676,0.4966666666666667,0.0001999600079984003
a1_abstain_toggle:v3_a1_gpt_5_2_abstain_false__vs__v3_a1_gpt_5_2_abstain_true,a1_abstain_toggle,abstain_toggle,v3_a1_gpt_5_2_abstain_false,v3_a1_gpt_5_2_abstain_true,closed_world_conflict,30,-0.310640015557783,-0.09328939405831299,0.4175436655064036,-0.7439701310784678,0.13333333333333333,-0.46234113263880644,-0.1757700788092423,0.0001999600079984003
a1_abstain_toggle:v3_a1_gpt_5_2_abstain_false__vs__v3_a1_gpt_5_2_abstain_true,a1_abstain_toggle,abstain_toggle,v3_a1_gpt_5_2_abstain_false,v3_a1_gpt_5_2_abstain_true,closed_world_expected_stage,30,1.1580745575703548,1.000092229825282,0.7256801327929401,1.5958471304888138,0.9333333333333333,0.9020162492166274,1.409774570183134,0.0001999600079984003
a1_abstain_toggle:v3_a1_gpt_5_2_abstain_false__vs__v3_a1_gpt_5_2_abstain_true,a1_abstain_toggle,abstain_toggle,v3_a1_gpt_5_2_abstain_false,v3_a1_gpt_5_2_abstain_true,mean_expected_stage,30,0.42555030016136824,0.41271929824561393,0.3151889606516772,1.350143416449328,0.9,0.3194526023601585,0.542167260562723,0.0001999600079984003
a1_abstain_toggle:v3_a1_gpt_5_2_abstain_false__vs__v3_a1_gpt_5_2_abstain_true,a1_abstain_toggle,abstain_toggle,v3_a1_gpt_5_2_abstain_false,v3_a1_gpt_5_2_abstain_true,mean_score_expert_agreement_prob,30,0.11518333333333335,0.1047499999999999,0.09812794984218254,1.1738076003685054,0.9,0.08145625000000005,0.15025375,0.0001999600079984003
a1_abstain_toggle:v3_a1_gpt_5_2_abstain_false__vs__v3_a1_gpt_5_2_abstain_true,a1_abstain_toggle,abstain_toggle,v3_a1_gpt_5_2_abstain_false,v3_a1_gpt_5_2_abstain_true,mean_subset_size,30,0.05522025145477153,0.03392857142857131,0.11843142210677565,0.46626351750624034,0.6,0.015441689534665501,0.09588392726840861,0.019396120775844832
a1_abstain_toggle:v3_a1_gpt_5_2_abstain_false__vs__v3_a1_gpt_5_2_abstain_true,a1_abstain_toggle,abstain_toggle,v3_a1_gpt_5_2_abstain_false,v3_a1_gpt_5_2_abstain_true,mid_scale_mass,30,0.3612268779838439,0.39444444444444443,0.22850374353957192,1.5808357114345795,0.9333333333333333,0.27912937322109155,0.4420937100896466,0.0001999600079984003
a1_abstain_toggle:v3_a1_gpt_5_2_abstain_false__vs__v3_a1_gpt_5_2_abstain_true,a1_abstain_toggle,abstain_toggle,v3_a1_gpt_5_2_abstain_false,v3_a1_gpt_5_2_abstain_true,singleton_rate,30,-0.0552202514547716,-0.033928571428571475,0.11843142210677567,-0.4662635175062409,0.2,-0.099795855982969,-0.015797081569817684,0.016196760647870425
a1_abstain_toggle:v3_a1_gpt_5_2_abstain_false__vs__v3_a1_gpt_5_2_abstain_true,a1_abstain_toggle,abstain_toggle,v3_a1_gpt_5_2_abstain_false,v3_a1_gpt_5_2_abstain_true,stage_entropy,30,-0.16472919629314975,-0.19603892653054977,0.24051123707516156,-0.6849126814048636,0.26666666666666666,-0.248873867285067,-0.08344479942490127,0.0003999200159968006
a1_abstain_toggle:v3_a1_gpt_5_2_abstain_false__vs__v3_a1_gpt_5_2_abstain_true,a1_abstain_toggle,abstain_toggle,v3_a1_gpt_5_2_abstain_false,v3_a1_gpt_5_2_abstain_true,tbm_conflict,30,0.08401784710825953,0.05958940879317082,0.09193197692533606,0.9139131988480559,1.0,0.05440862570109532,0.11973570472299462,0.0001999600079984003
a1_abstain_toggle:v3_a1_gpt_5_2_abstain_false__vs__v3_a1_gpt_5_2_abstain_true,a1_abstain_toggle,abstain_toggle,v3_a1_gpt_5_2_abstain_false,v3_a1_gpt_5_2_abstain_true,tbm_expected_stage,30,-1.1005390429296553,-1.1817480765653396,0.6337700433209456,-1.7364958387159595,0.06666666666666667,-1.2877726090758126,-0.8627137923193301,0.0001999600079984003
a2_evidence_level_l3:v3_a2_gpt_4_1_l3__vs__v3_a2_gpt_5_2_l3,a2_evidence_level_l3,model_comparison,v3_a2_gpt_4_1_l3,v3_a2_gpt_5_2_l3,abstain_rate,30,0.2716666666666666,0.3,0.22616873977314966,1.2011680612411424,0.8,0.18833333333333332,0.34833333333333333,0.0001999600079984003
a2_evidence_level_l3:v3_a2_gpt_4_1_l3__vs__v3_a2_gpt_5_2_l3,a2_evidence_level_l3,model_comparison,v3_a2_gpt_4_1_l3,v3_a2_gpt_5_2_l3,closed_world_conflict,30,-0.2518690472783007,-0.043370836635276744,0.3647774771072305,-0.6904731324852628,0.0,-0.3858618243148967,-0.13195428434840717,0.0001999600079984003
a2_evidence_level_l3:v3_a2_gpt_4_1_l3__vs__v3_a2_gpt_5_2_l3,a2_evidence_level_l3,model_comparison,v3_a2_gpt_4_1_l3,v3_a2_gpt_5_2_l3,closed_world_expected_stage,30,1.5054500837366402,1.9945898304581058,0.9692021969329863,1.5532879398133803,0.8666666666666667,1.1386953234940766,1.8153022556649518,0.0001999600079984003
a2_evidence_level_l3:v3_a2_gpt_4_1_l3__vs__v3_a2_gpt_5_2_l3,a2_evidence_level_l3,model_comparison,v3_a2_gpt_4_1_l3,v3_a2_gpt_5_2_l3,mean_expected_stage,30,-0.3101099634942514,-0.2749999999999999,0.454934830295072,-0.6816579932846936,0.2,-0.4762802920477069,-0.15328092061697918,0.0009998000399920016
a2_evidence_level_l3:v3_a2_gpt_4_1_l3__vs__v3_a2_gpt_5_2_l3,a2_evidence_level_l3,model_comparison,v3_a2_gpt_4_1_l3,v3_a2_gpt_5_2_l3,mean_score_expert_agreement_prob,30,-0.17275000000000007,-0.17100000000000004,0.04072547918898458,-4.241816264416736,0.0,-0.18630000000000002,-0.15836500000000003,0.0001999600079984003
a2_evidence_level_l3:v3_a2_gpt_4_1_l3__vs__v3_a2_gpt_5_2_l3,a2_evidence_level_l3,model_comparison,v3_a2_gpt_4_1_l3,v3_a2_gpt_5_2_l3,mean_subset_size,30,-0.3370639317969039,-0.3583099906629319,0.2612217454814011,-1.2903364196412306,0.13333333333333333,-0.4303802370445173,-0.24603977386562528,0.0001999600079984003
a2_evidence_level_l3:v3_a2_gpt_4_1_l3__vs__v3_a2_gpt_5_2_l3,a2_evidence_level_l3,model_comparison,v3_a2_gpt_4_1_l3,v3_a2_gpt_5_2_l3,mid_scale_mass,30,0.05123449329976679,0.0727513227513227,0.1593796720571261,0.3214619068948951,0.5666666666666667,-0.0060652658589642775,0.10790686787007092,0.08698260347930414
a2_evidence_level_l3:v3_a2_gpt_4_1_l3__vs__v3_a2_gpt_5_2_l3,a2_evidence_level_l3,model_comparison,v3_a2_gpt_4_1_l3,v3_a2_gpt_5_2_l3,singleton_rate,30,0.28493297680991175,0.27777777777777773,0.23133182122352047,1.231706798065624,0.8666666666666667,0.20362745302799484,0.36479602605928063,0.0001999600079984003
a2_evidence_level_l3:v3_a2_gpt_4_1_l3__vs__v3_a2_gpt_5_2_l3,a2_evidence_level_l3,model_comparison,v3_a2_gpt_4_1_l3,v3_a2_gpt_5_2_l3,stage_entropy,30,-0.2419771998129783,-0.19656997882099703,0.2874701950724702,-0.8417470887789836,0.23333333333333334,-0.3393639059696803,-0.14302745405929118,0.0001999600079984003
a2_evidence_level_l3:v3_a2_gpt_4_1_l3__vs__v3_a2_gpt_5_2_l3,a2_evidence_level_l3,model_comparison,v3_a2_gpt_4_1_l3,v3_a2_gpt_5_2_l3,tbm_conflict,30,-0.001686733268628863,-2.0379475884624298e-10,0.007063675206767386,-0.23878975451941511,0.0,-0.004509047368296028,-4.3901273315222314e-05,0.0001999600079984003
a2_evidence_level_l3:v3_a2_gpt_4_1_l3__vs__v3_a2_gpt_5_2_l3,a2_evidence_level_l3,model_comparison,v3_a2_gpt_4_1_l3,v3_a2_gpt_5_2_l3,tbm_expected_stage,30,0.27005368471314795,0.0,0.6329777593519929,0.4266400844630209,0.16666666666666666,0.06549546767773853,0.5258656687213128,0.0637872425514897
a3_scale_size:v3_a3_gpt_4_1_scale_5__vs__v3_a3_gpt_5_2_scale_5,a3_scale_size,model_comparison,v3_a3_gpt_4_1_scale_5,v3_a3_gpt_5_2_scale_5,abstain_rate,30,0.13999999999999999,0.07500000000000001,0.24544119318147237,0.5704013991509889,0.5666666666666667,0.056625,0.225,0.003799240151969606
a3_scale_size:v3_a3_gpt_4_1_scale_5__vs__v3_a3_gpt_5_2_scale_5,a3_scale_size,model_comparison,v3_a3_gpt_4_1_scale_5,v3_a3_gpt_5_2_scale_5,closed_world_conflict,30,-0.20756045863052497,-0.02482768086704179,0.34394119535403755,-0.603476586795227,0.03333333333333333,-0.33362243313002365,-0.09593145019340166,0.0001999600079984003
a3_scale_size:v3_a3_gpt_4_1_scale_5__vs__v3_a3_gpt_5_2_scale_5,a3_scale_size,model_comparison,v3_a3_gpt_4_1_scale_5,v3_a3_gpt_5_2_scale_5,closed_world_expected_stage,30,1.7737308351589085,2.9764215076913354,1.6269767989823254,1.0902004480139962,0.6666666666666666,1.1772548074065217,2.2997963002677895,0.0001999600079984003
a3_scale_size:v3_a3_gpt_4_1_scale_5__vs__v3_a3_gpt_5_2_scale_5,a3_scale_size,model_comparison,v3_a3_gpt_4_1_scale_5,v3_a3_gpt_5_2_scale_5,mean_expected_stage,30,0.011233477135179925,0.0,0.5174159597244079,0.02171072794345816,0.4666666666666667,-0.16919355666907912,0.1940705756697436,0.904619076184763
a3_scale_size:v3_a3_gpt_4_1_scale_5__vs__v3_a3_gpt_5_2_scale_5,a3_scale_size,model_comparison,v3_a3_gpt_4_1_scale_5,v3_a3_gpt_5_2_scale_5,mean_score_expert_agreement_prob,30,-0.18970000000000004,-0.19050000000000006,0.04569663837330577,-4.151290045676872,0.0,-0.20541749999999995,-0.1734166666666667,0.0001999600079984003
a3_scale_size:v3_a3_gpt_4_1_scale_5__vs__v3_a3_gpt_5_2_scale_5,a3_scale_size,model_comparison,v3_a3_gpt_4_1_scale_5,v3_a3_gpt_5_2_scale_5,mean_subset_size,30,-0.12656679105208515,-0.14905185758513928,0.2672390460399578,-0.4736089015718189,0.3,-0.21727941834782008,-0.03695418372691981,0.014997000599880024
a3_scale_size:v3_a3_gpt_4_1_scale_5__vs__v3_a3_gpt_5_2_scale_5,a3_scale_size,model_comparison,v3_a3_gpt_4_1_scale_5,v3_a3_gpt_5_2_scale_5,mid_scale_mass,30,0.12121763372601868,0.06504723346828617,0.2483594206902049,0.48807342757181515,0.8,0.03675512503313396,0.2099129201074506,0.011597680463907219
a3_scale_size:v3_a3_gpt_4_1_scale_5__vs__v3_a3_gpt_5_2_scale_5,a3_scale_size,model_comparison,v3_a3_gpt_4_1_scale_5,v3_a3_gpt_5_2_scale_5,singleton_rate,30,0.05942064285330538,0.12668067226890756,0.23037579867552316,0.25792918872089265,0.6333333333333333,-0.026850829052841436,0.13792862787367416,0.16276744651069786
a3_scale_size:v3_a3_gpt_4_1_scale_5__vs__v3_a3_gpt_5_2_scale_5,a3_scale_size,model_comparison,v3_a3_gpt_4_1_scale_5,v3_a3_gpt_5_2_scale_5,stage_entropy,30,-0.19059259629875314,-0.2211732560706857,0.21358743421602816,-0.8923399309436088,0.3,-0.2629380084037239,-0.11437813003162547,0.0001999600079984003
a3_scale_size:v3_a3_gpt_4_1_scale_5__vs__v3_a3_gpt_5_2_scale_5,a3_scale_size,model_comparison,v3_a3_gpt_4_1_scale_5,v3_a3_gpt_5_2_scale_5,tbm_conflict,30,0.00816938841174486,-4.2786359399915597e-07,0.04773430209247231,0.1711429318882442,0.26666666666666666,-0.006812199662258922,0.027841564230698276,0.39852029594081184
a3_scale_size:v3_a3_gpt_4_1_scale_5__vs__v3_a3_gpt_5_2_scale_5,a3_scale_size,model_comparison,v3_a3_gpt_4_1_scale_5,v3_a3_gpt_5_2_scale_5,tbm_expected_stage,30,0.45098660344920527,0.0,2.160259778604075,0.20876498646872255,0.43333333333333335,-0.30086955950482064,1.165290030824846,0.2731453709258148
a4_model_swap:v3_a4_rubric_gpt_4_1_scoring_gpt_5_2__vs__v3_a4_rubric_gpt_5_2_scoring_gpt_4_1,a4_model_swap,swap_pair,v3_a4_rubric_gpt_4_1_scoring_gpt_5_2,v3_a4_rubric_gpt_5_2_scoring_gpt_4_1,abstain_rate,30,-0.26333333333333336,-0.25,0.2504937652652888,-1.051257036495286,0.13333333333333333,-0.34500000000000003,-0.1749583333333335,0.0001999600079984003
a4_model_swap:v3_a4_rubric_gpt_4_1_scoring_gpt_5_2__vs__v3_a4_rubric_gpt_5_2_scoring_gpt_4_1,a4_model_swap,swap_pair,v3_a4_rubric_gpt_4_1_scoring_gpt_5_2,v3_a4_rubric_gpt_5_2_scoring_gpt_4_1,closed_world_conflict,30,0.08532763468751607,0.017834847380701013,0.1911265714933268,0.4464456931384619,1.0,0.032598590416453244,0.16085128366250295,0.0001999600079984003
a4_model_swap:v3_a4_rubric_gpt_4_1_scoring_gpt_5_2__vs__v3_a4_rubric_gpt_5_2_scoring_gpt_4_1,a4_model_swap,swap_pair,v3_a4_rubric_gpt_4_1_scoring_gpt_5_2,v3_a4_rubric_gpt_5_2_scoring_gpt_4_1,closed_world_expected_stage,30,-1.7331614367555574,-1.999810676685967,0.6655757973452824,-2.6040030957682814,0.0,-1.9601627767898113,-1.4975114132408043,0.0001999600079984003
a4_model_swap:v3_a4_rubric_gpt_4_1_scoring_gpt_5_2__vs__v3_a4_rubric_gpt_5_2_scoring_gpt_4_1,a4_model_swap,swap_pair,v3_a4_rubric_gpt_4_1_scoring_gpt_5_2,v3_a4_rubric_gpt_5_2_scoring_gpt_4_1,mean_expected_stage,30,-0.08790215839944945,-0.11944444444444446,0.4121949205738115,-0.2132538612486586,0.4,-0.23451963410399948,0.05117534644721169,0.2455508898220356
a4_model_swap:v3_a4_rubric_gpt_4_1_scoring_gpt_5_2__vs__v3_a4_rubric_gpt_5_2_scoring_gpt_4_1,a4_model_swap,swap_pair,v3_a4_rubric_gpt_4_1_scoring_gpt_5_2,v3_a4_rubric_gpt_5_2_scoring_gpt_4_1,mean_score_expert_agreement_prob,30,0.17578333333333332,0.19499999999999995,0.06793438560203832,2.5875457881238138,1.0,0.15248000000000003,0.19970124999999994,0.0001999600079984003
a4_model_swap:v3_a4_rubric_gpt_4_1_scoring_gpt_5_2__vs__v3_a4_rubric_gpt_5_2_scoring_gpt_4_1,a4_model_swap,swap_pair,v3_a4_rubric_gpt_4_1_scoring_gpt_5_2,v3_a4_rubric_gpt_5_2_scoring_gpt_4_1,mean_subset_size,30,0.09448249849565643,0.07537878787878793,0.1854546731835209,0.5094641017870664,0.7333333333333333,0.030732474135628157,0.1637601843031409,0.008998200359928014
a4_model_swap:v3_a4_rubric_gpt_4_1_scoring_gpt_5_2__vs__v3_a4_rubric_gpt_5_2_scoring_gpt_4_1,a4_model_swap,swap_pair,v3_a4_rubric_gpt_4_1_scoring_gpt_5_2,v3_a4_rubric_gpt_5_2_scoring_gpt_4_1,mid_scale_mass,30,-0.029140714663160486,-0.041154970760233944,0.2296194802463791,-0.12690872147211912,0.4,-0.10903737328656703,0.04794693705942412,0.484503099380124
a4_model_swap:v3_a4_rubric_gpt_4_1_scoring_gpt_5_2__vs__v3_a4_rubric_gpt_5_2_scoring_gpt_4_1,a4_model_swap,swap_pair,v3_a4_rubric_gpt_4_1_scoring_gpt_5_2,v3_a4_rubric_gpt_5_2_scoring_gpt_4_1,singleton_rate,30,-0.08341915007936679,-0.07537878787878782,0.17953461233366744,-0.46464104606375956,0.26666666666666666,-0.14840234850074244,-0.018292149174211857,0.014797040591881624
a4_model_swap:v3_a4_rubric_gpt_4_1_scoring_gpt_5_2__vs__v3_a4_rubric_gpt_5_2_scoring_gpt_4_1,a4_model_swap,swap_pair,v3_a4_rubric_gpt_4_1_scoring_gpt_5_2,v3_a4_rubric_gpt_5_2_scoring_gpt_4_1,stage_entropy,30,0.040985056019625495,0.046657258802456025,0.18013196966335965,0.2275279401886327,0.7,-0.02277753800779301,0.10526939849048618,0.22495500899820037
a4_model_swap:v3_a4_rubric_gpt_4_1_scoring_gpt_5_2__vs__v3_a4_rubric_gpt_5_2_scoring_gpt_4_1,a4_model_swap,swap_pair,v3_a4_rubric_gpt_4_1_scoring_gpt_5_2,v3_a4_rubric_gpt_5_2_scoring_gpt_4_1,tbm_conflict,30,-0.026605151142976558,2.1564139363050572e-11,0.09289892723793665,-0.2863881417579164,0.8,-0.06482873959055303,-0.0025264687822244168,0.028794241151769647
a4_model_swap:v3_a4_rubric_gpt_4_1_scoring_gpt_5_2__vs__v3_a4_rubric_gpt_5_2_scoring_gpt_4_1,a4_model_swap,swap_pair,v3_a4_rubric_gpt_4_1_scoring_gpt_5_2,v3_a4_rubric_gpt_5_2_scoring_gpt_4_1,tbm_expected_stage,30,0.33564390560846014,0.0,0.7100464926606435,0.4727069411338904,0.2,0.10013332221937118,0.5947963723106944,0.03199360127974405
a5_concept_swap:v3_a5_gpt_4_1_illiberal_democracy__vs__v3_a5_gpt_5_2_illiberal_democracy,a5_concept_swap,model_comparison,v3_a5_gpt_4_1_illiberal_democracy,v3_a5_gpt_5_2_illiberal_democracy,abstain_rate,30,0.33166666666666667,0.30000000000000004,0.18776513820844587,1.7663910874577247,0.9666666666666667,0.26666666666666666,0.39666666666666667,0.0001999600079984003
a5_concept_swap:v3_a5_gpt_4_1_illiberal_democracy__vs__v3_a5_gpt_5_2_illiberal_democracy,a5_concept_swap,model_comparison,v3_a5_gpt_4_1_illiberal_democracy,v3_a5_gpt_5_2_illiberal_democracy,closed_world_conflict,30,-0.19910167561809816,-0.0036822431906372577,0.35445269035462135,-0.5617157974422532,0.0,-0.33290421747787824,-0.08394668662556103,0.0001999600079984003
a5_concept_swap:v3_a5_gpt_4_1_illiberal_democracy__vs__v3_a5_gpt_5_2_illiberal_democracy,a5_concept_swap,model_comparison,v3_a5_gpt_4_1_illiberal_democracy,v3_a5_gpt_5_2_illiberal_democracy,closed_world_expected_stage,30,1.493584525893385,1.9982963710009352,0.8037813893139163,1.8581974474032847,0.8,1.1889358071235403,1.7517115285823674,0.0001999600079984003
a5_concept_swap:v3_a5_gpt_4_1_illiberal_democracy__vs__v3_a5_gpt_5_2_illiberal_democracy,a5_concept_swap,model_comparison,v3_a5_gpt_4_1_illiberal_democracy,v3_a5_gpt_5_2_illiberal_democracy,mean_expected_stage,30,-0.3840276996920445,-0.4563995215311005,0.38936877558620314,-0.9862827318751547,0.16666666666666666,-0.5197347971187788,-0.24308838520703208,0.0003999200159968006
a5_concept_swap:v3_a5_gpt_4_1_illiberal_democracy__vs__v3_a5_gpt_5_2_illiberal_democracy,a5_concept_swap,model_comparison,v3_a5_gpt_4_1_illiberal_democracy,v3_a5_gpt_5_2_illiberal_democracy,mean_score_expert_agreement_prob,30,-0.1519833333333334,-0.1610000000000001,0.05125973134411911,-2.9649654679817203,0.0,-0.16989041666666668,-0.13341625000000004,0.0001999600079984003
a5_concept_swap:v3_a5_gpt_4_1_illiberal_democracy__vs__v3_a5_gpt_5_2_illiberal_democracy,a5_concept_swap,model_comparison,v3_a5_gpt_4_1_illiberal_democracy,v3_a5_gpt_5_2_illiberal_democracy,mean_subset_size,30,-0.4391586624016964,-0.4293343653250774,0.23329563497562258,-1.8824126840075028,0.03333333333333333,-0.5196059482671325,-0.355591826649586,0.0001999600079984003
a5_concept_swap:v3_a5_gpt_4_1_illiberal_democracy__vs__v3_a5_gpt_5_2_illiberal_democracy,a5_concept_swap,model_comparison,v3_a5_gpt_4_1_illiberal_democracy,v3_a5_gpt_5_2_illiberal_democracy,mid_scale_mass,30,0.09507383750675805,0.08333333333333337,0.255986709660341,0.3714014592121126,0.5666666666666667,0.0007875388392996794,0.18094001914909424,0.054789042191561686
a5_concept_swap:v3_a5_gpt_4_1_illiberal_democracy__vs__v3_a5_gpt_5_2_illiberal_democracy,a5_concept_swap,model_comparison,v3_a5_gpt_4_1_illiberal_democracy,v3_a5_gpt_5_2_illiberal_democracy,singleton_rate,30,0.3618513008605888,0.375,0.1863276879759249,1.9420157293388574,0.9666666666666667,0.2960818936359766,0.4271593564924641,0.0001999600079984003
a5_concept_swap:v3_a5_gpt_4_1_illiberal_democracy__vs__v3_a5_gpt_5_2_illiberal_democracy,a5_concept_swap,model_comparison,v3_a5_gpt_4_1_illiberal_democracy,v3_a5_gpt_5_2_illiberal_democracy,stage_entropy,30,-0.38395979627330246,-0.3853153241307965,0.24171269265972942,-1.5884966240222276,0.03333333333333333,-0.47178622260278874,-0.29854817758921065,0.0001999600079984003
a5_concept_swap:v3_a5_gpt_4_1_illiberal_democracy__vs__v3_a5_gpt_5_2_illiberal_democracy,a5_concept_swap,model_comparison,v3_a5_gpt_4_1_illiberal_democracy,v3_a5_gpt_5_2_illiberal_democracy,tbm_conflict,30,-0.0010040425104342813,-1.004288557870936e-08,0.005448044302858488,-0.1842941163138998,0.03333333333333333,-0.003006679739799997,1.4527785579779918e-05,0.244751049790042
a5_concept_swap:v3_a5_gpt_4_1_illiberal_democracy__vs__v3_a5_gpt_5_2_illiberal_democracy,a5_concept_swap,model_comparison,v3_a5_gpt_4_1_illiberal_democracy,v3_a5_gpt_5_2_illiberal_democracy,tbm_expected_stage,30,0.03236062059101089,0.0,0.7623122861460068,0.04245060873230215,0.06666666666666667,-0.23467556202831752,0.26644453657535166,1.0
b1_small_model_family:v3_b1_gpt_4_1_mini_abstain_false__vs__v3_b1_gpt_4_1_mini_abstain_true,b1_small_model_family,abstain_toggle,v3_b1_gpt_4_1_mini_abstain_false,v3_b1_gpt_4_1_mini_abstain_true,abstain_rate,30,0.39,0.4,0.19000907419347654,2.05253355217595,0.9666666666666667,0.31833333333333336,0.4533333333333333,0.0001999600079984003
b1_small_model_family:v3_b1_gpt_4_1_mini_abstain_false__vs__v3_b1_gpt_4_1_mini_abstain_true,b1_small_model_family,abstain_toggle,v3_b1_gpt_4_1_mini_abstain_false,v3_b1_gpt_4_1_mini_abstain_true,closed_world_conflict,30,-0.03168333333333335,0.0,0.32058864187436614,-0.0988286208397538,0.1,-0.13502083333333337,0.07214249999999994,0.6328734253149371
b1_small_model_family:v3_b1_gpt_4_1_mini_abstain_false__vs__v3_b1_gpt_4_1_mini_abstain_true,b1_small_model_family,abstain_toggle,v3_b1_gpt_4_1_mini_abstain_false,v3_b1_gpt_4_1_mini_abstain_true,closed_world_expected_stage,30,0.16666666666666666,0.0,0.6477192523656045,0.25731312765208936,0.16666666666666666,-0.03333333333333333,0.4,0.27394521095780844
b1_small_model_family:v3_b1_gpt_4_1_mini_abstain_false__vs__v3_b1_gpt_4_1_mini_abstain_true,b1_small_model_family,abstain_toggle,v3_b1_gpt_4_1_mini_abstain_false,v3_b1_gpt_4_1_mini_abstain_true,mean_expected_stage,30,0.16381500615827244,0.2512820512820513,0.4400050866416113,0.3723025281562289,0.7,0.0005297192254912844,0.3132966120638333,0.04779044191161767
b1_small_model_family:v3_b1_gpt_4_1_mini_abstain_false__vs__v3_b1_gpt_4_1_mini_abstain_true,b1_small_model_family,abstain_toggle,v3_b1_gpt_4_1_mini_abstain_false,v3_b1_gpt_4_1_mini_abstain_true,mean_score_expert_agreement_prob,30,0.04441666666666667,0.03375000000000011,0.09479261241160139,0.46856675363902767,0.7333333333333333,0.011497916666666696,0.07816666666666666,0.015796840631873626
b1_small_model_family:v3_b1_gpt_4_1_mini_abstain_false__vs__v3_b1_gpt_4_1_mini_abstain_true,b1_small_model_family,abstain_toggle,v3_b1_gpt_4_1_mini_abstain_false,v3_b1_gpt_4_1_mini_abstain_true,mean_subset_size,30,0.06037943867278232,0.030147058823529416,0.12912185767998158,0.4676159385998615,0.5666666666666667,0.015671864860429104,0.10598947402285244,0.019396120775844832
b1_small_model_family:v3_b1_gpt_4_1_mini_abstain_false__vs__v3_b1_gpt_4_1_mini_abstain_true,b1_small_model_family,abstain_toggle,v3_b1_gpt_4_1_mini_abstain_false,v3_b1_gpt_4_1_mini_abstain_true,mid_scale_mass,30,0.1400155660043431,0.1375,0.30998010536030896,0.45169210405162735,0.6666666666666666,0.02721814973919269,0.2506637371414848,0.015796840631873626
b1_small_model_family:v3_b1_gpt_4_1_mini_abstain_false__vs__v3_b1_gpt_4_1_mini_abstain_true,b1_small_model_family,abstain_toggle,v3_b1_gpt_4_1_mini_abstain_false,v3_b1_gpt_4_1_mini_abstain_true,singleton_rate,30,-0.06204610533944899,-0.03749999999999998,0.1291095904922539,-0.4805692985539407,0.16666666666666666,-0.10801721100250514,-0.01861358419630481,0.013797240551889621
b1_small_model_family:v3_b1_gpt_4_1_mini_abstain_false__vs__v3_b1_gpt_4_1_mini_abstain_true,b1_small_model_family,abstain_toggle,v3_b1_gpt_4_1_mini_abstain_false,v3_b1_gpt_4_1_mini_abstain_true,stage_entropy,30,0.015153926865062499,0.019004123537291473,0.24454667035091257,0.06196742259184045,0.5333333333333333,-0.06913882102516875,0.10672471788427065,0.7488502299540092
b1_small_model_family:v3_b1_gpt_4_1_mini_abstain_false__vs__v3_b1_gpt_4_1_mini_abstain_true,b1_small_model_family,abstain_toggle,v3_b1_gpt_4_1_mini_abstain_false,v3_b1_gpt_4_1_mini_abstain_true,tbm_conflict,30,0.05453703038917695,0.00012510367394741317,0.19003473912494784,0.28698453051428063,0.7,0.005855687260634682,0.1387853623977106,0.0001999600079984003
b1_small_model_family:v3_b1_gpt_4_1_mini_abstain_false__vs__v3_b1_gpt_4_1_mini_abstain_true,b1_small_model_family,abstain_toggle,v3_b1_gpt_4_1_mini_abstain_false,v3_b1_gpt_4_1_mini_abstain_true,tbm_expected_stage,30,-0.7014706907025322,-0.5000000113114881,0.7831848783571803,-0.8956642423611997,0.0,-0.992017247670816,-0.4323376424110266,0.0001999600079984003
b1_small_model_family:v3_b1_gpt_5_2_chat_abstain_false__vs__v3_b1_gpt_5_2_chat_abstain_true,b1_small_model_family,abstain_toggle,v3_b1_gpt_5_2_chat_abstain_false,v3_b1_gpt_5_2_chat_abstain_true,abstain_rate,30,0.37333333333333335,0.4,0.12780193008453875,2.9211869733608866,1.0,0.3266666666666667,0.41670833333333324,0.0001999600079984003
b1_small_model_family:v3_b1_gpt_5_2_chat_abstain_false__vs__v3_b1_gpt_5_2_chat_abstain_true,b1_small_model_family,abstain_toggle,v3_b1_gpt_5_2_chat_abstain_false,v3_b1_gpt_5_2_chat_abstain_true,closed_world_conflict,30,-0.0725586480418673,-0.017424547766640763,0.18708074178954678,-0.3878466984244209,0.06666666666666667,-0.15141825439003226,-0.022619936481579055,0.0001999600079984003
b1_small_model_family:v3_b1_gpt_5_2_chat_abstain_false__vs__v3_b1_gpt_5_2_chat_abstain_true,b1_small_model_family,abstain_toggle,v3_b1_gpt_5_2_chat_abstain_false,v3_b1_gpt_5_2_chat_abstain_true,closed_world_expected_stage,30,1.2917400996756219,1.0932216061423325,1.1232319829542023,1.1500207608745505,0.9,0.8919719150058213,1.6885373846294596,0.0001999600079984003
b1_small_model_family:v3_b1_gpt_5_2_chat_abstain_false__vs__v3_b1_gpt_5_2_chat_abstain_true,b1_small_model_family,abstain_toggle,v3_b1_gpt_5_2_chat_abstain_false,v3_b1_gpt_5_2_chat_abstain_true,mean_expected_stage,30,0.47586657759451884,0.5080128205128205,0.3419626341101493,1.3915747807733807,0.9,0.3596908866596367,0.5928586988991402,0.0001999600079984003
b1_small_model_family:v3_b1_gpt_5_2_chat_abstain_false__vs__v3_b1_gpt_5_2_chat_abstain_true,b1_small_model_family,abstain_toggle,v3_b1_gpt_5_2_chat_abstain_false,v3_b1_gpt_5_2_chat_abstain_true,mean_score_expert_agreement_prob,30,0.09646666666666663,0.10249999999999992,0.1144076146891044,0.8431839692559697,0.8,0.05827624999999999,0.1383683333333333,0.0001999600079984003
b1_small_model_family:v3_b1_gpt_5_2_chat_abstain_false__vs__v3_b1_gpt_5_2_chat_abstain_true,b1_small_model_family,abstain_toggle,v3_b1_gpt_5_2_chat_abstain_false,v3_b1_gpt_5_2_chat_abstain_true,mean_subset_size,30,0.12851626314861606,0.11730769230769222,0.2450842625000051,0.5243758282872748,0.6,0.04955117826073706,0.21605730795620495,0.006798640271945611
b1_small_model_family:v3_b1_gpt_5_2_chat_abstain_false__vs__v3_b1_gpt_5_2_chat_abstain_true,b1_small_model_family,abstain_toggle,v3_b1_gpt_5_2_chat_abstain_false,v3_b1_gpt_5_2_chat_abstain_true,mid_scale_mass,30,0.26672486690869046,0.24999999999999994,0.14610786432300543,1.8255339515403024,1.0,0.21720713858581508,0.31902496033378375,0.0001999600079984003
b1_small_model_family:v3_b1_gpt_5_2_chat_abstain_false__vs__v3_b1_gpt_5_2_chat_abstain_true,b1_small_model_family,abstain_toggle,v3_b1_gpt_5_2_chat_abstain_false,v3_b1_gpt_5_2_chat_abstain_true,singleton_rate,30,-0.12835753298988595,-0.11730769230769228,0.23407673363800882,-0.5483566478178314,0.4,-0.2098681083350201,-0.0510527600123189,0.005398920215956809
b1_small_model_family:v3_b1_gpt_5_2_chat_abstain_false__vs__v3_b1_gpt_5_2_chat_abstain_true,b1_small_model_family,abstain_toggle,v3_b1_gpt_5_2_chat_abstain_false,v3_b1_gpt_5_2_chat_abstain_true,stage_entropy,30,-0.10164341872241564,-0.09634741666258101,0.19527587953306427,-0.5205118981692016,0.3333333333333333,-0.16832765981986159,-0.030895977717388716,0.007798440311937612
b1_small_model_family:v3_b1_gpt_5_2_chat_abstain_false__vs__v3_b1_gpt_5_2_chat_abstain_true,b1_small_model_family,abstain_toggle,v3_b1_gpt_5_2_chat_abstain_false,v3_b1_gpt_5_2_chat_abstain_true,tbm_conflict,30,0.02939365145488955,0.014657515182857517,0.03624792683125806,0.8109057268771082,1.0,0.017795687145226575,0.04315282728119168,0.0001999600079984003
b1_small_model_family:v3_b1_gpt_5_2_chat_abstain_false__vs__v3_b1_gpt_5_2_chat_abstain_true,b1_small_model_family,abstain_toggle,v3_b1_gpt_5_2_chat_abstain_false,v3_b1_gpt_5_2_chat_abstain_true,tbm_expected_stage,30,-1.5391291326820535,-1.7121824916273436,0.7612812660624129,-2.021761471476785,0.03333333333333333,-1.7962046756628094,-1.2565180395854931,0.0001999600079984003
c1_bundle_5_random_l2:v3_1_c1_gpt_4_1_bundle_5_random_l2__vs__v3_1_c1_gpt_5_2_bundle_5_random_l2,c1_bundle_5_random_l2,model_comparison,v3_1_c1_gpt_4_1_bundle_5_random_l2,v3_1_c1_gpt_5_2_bundle_5_random_l2,abstain_rate,30,-0.05,0.0,0.1902810987768468,-0.2627691364061219,0.0,-0.1252083333333333,0.0,0.23475304939012198
c1_bundle_5_random_l2:v3_1_c1_gpt_4_1_bundle_5_random_l2__vs__v3_1_c1_gpt_5_2_bundle_5_random_l2,c1_bundle_5_random_l2,model_comparison,v3_1_c1_gpt_4_1_bundle_5_random_l2,v3_1_c1_gpt_5_2_bundle_5_random_l2,closed_world_conflict,29,-0.43197446620689656,-0.27699896,0.5361046115587742,-0.8057652497166373,0.06896551724137931,-0.6208414339655173,-0.256357078448276,0.0003999200159968006
c1_bundle_5_random_l2:v3_1_c1_gpt_4_1_bundle_5_random_l2__vs__v3_1_c1_gpt_5_2_bundle_5_random_l2,c1_bundle_5_random_l2,model_comparison,v3_1_c1_gpt_4_1_bundle_5_random_l2,v3_1_c1_gpt_5_2_bundle_5_random_l2,closed_world_expected_stage,29,0.1371471866431119,0.005256160000000065,1.1791535057029954,0.11630986634038509,0.5517241379310345,-0.26684425465399414,0.574156015060541,0.5362927414517097
c1_bundle_5_random_l2:v3_1_c1_gpt_4_1_bundle_5_random_l2__vs__v3_1_c1_gpt_5_2_bundle_5_random_l2,c1_bundle_5_random_l2,model_comparison,v3_1_c1_gpt_4_1_bundle_5_random_l2,v3_1_c1_gpt_5_2_bundle_5_random_l2,mean_expected_stage,29,-0.34913793103448276,-0.5,0.43578373583986657,-0.8011724677186605,0.20689655172413793,-0.5028735632183908,-0.1810344827586207,0.0005998800239952009
c1_bundle_5_random_l2:v3_1_c1_gpt_4_1_bundle_5_random_l2__vs__v3_1_c1_gpt_5_2_bundle_5_random_l2,c1_bundle_5_random_l2,model_comparison,v3_1_c1_gpt_4_1_bundle_5_random_l2,v3_1_c1_gpt_5_2_bundle_5_random_l2,mean_score_expert_agreement_prob,30,-0.24133333333333334,-0.24874999999999986,0.08925151726067929,-2.7039689715129955,0.0,-0.27042083333333333,-0.20975000000000002,0.0001999600079984003
c1_bundle_5_random_l2:v3_1_c1_gpt_4_1_bundle_5_random_l2__vs__v3_1_c1_gpt_5_2_bundle_5_random_l2,c1_bundle_5_random_l2,model_comparison,v3_1_c1_gpt_4_1_bundle_5_random_l2,v3_1_c1_gpt_5_2_bundle_5_random_l2,mean_subset_size,29,-0.46264367816091956,-0.5,0.4973073363165296,-0.9302973118949786,0.1724137931034483,-0.6408045977011495,-0.2816091954022989,0.0001999600079984003
c1_bundle_5_random_l2:v3_1_c1_gpt_4_1_bundle_5_random_l2__vs__v3_1_c1_gpt_5_2_bundle_5_random_l2,c1_bundle_5_random_l2,model_comparison,v3_1_c1_gpt_4_1_bundle_5_random_l2,v3_1_c1_gpt_5_2_bundle_5_random_l2,mid_scale_mass,30,0.18333333333333332,0.14583333333333337,0.23458204456476184,0.7815318247118436,0.7666666666666667,0.10833333333333335,0.26392361111111096,0.0001999600079984003
c1_bundle_5_random_l2:v3_1_c1_gpt_4_1_bundle_5_random_l2__vs__v3_1_c1_gpt_5_2_bundle_5_random_l2,c1_bundle_5_random_l2,model_comparison,v3_1_c1_gpt_4_1_bundle_5_random_l2,v3_1_c1_gpt_5_2_bundle_5_random_l2,singleton_rate,29,0.3419540229885058,0.5,0.37753431173971097,0.9057561454818555,0.7931034482758621,0.20107758620689659,0.47413793103448276,0.0005998800239952009
c1_bundle_5_random_l2:v3_1_c1_gpt_4_1_bundle_5_random_l2__vs__v3_1_c1_gpt_5_2_bundle_5_random_l2,c1_bundle_5_random_l2,model_comparison,v3_1_c1_gpt_4_1_bundle_5_random_l2,v3_1_c1_gpt_5_2_bundle_5_random_l2,stage_entropy,30,-0.3269488070579595,-0.41441015402625125,0.30647082865618347,-1.0668186870886474,0.13333333333333333,-0.43241549214157704,-0.2185150494568047,0.0001999600079984003
c1_bundle_5_random_l2:v3_1_c1_gpt_4_1_bundle_5_random_l2__vs__v3_1_c1_gpt_5_2_bundle_5_random_l2,c1_bundle_5_random_l2,model_comparison,v3_1_c1_gpt_4_1_bundle_5_random_l2,v3_1_c1_gpt_5_2_bundle_5_random_l2,tbm_conflict,30,-0.48872281702067705,-0.5760472305030024,0.46819378854400934,-1.043847289261374,0.06666666666666667,-0.6489286718423262,-0.3338587244793199,0.0001999600079984003
c1_bundle_5_random_l2:v3_1_c1_gpt_4_1_bundle_5_random_l2__vs__v3_1_c1_gpt_5_2_bundle_5_random_l2,c1_bundle_5_random_l2,model_comparison,v3_1_c1_gpt_4_1_bundle_5_random_l2,v3_1_c1_gpt_5_2_bundle_5_random_l2,tbm_expected_stage,30,0.32964162329498775,0.10224929685505613,1.1740815026141107,0.2807655367715406,0.6333333333333333,-0.06622587696929604,0.7433776038959814,0.130373925214957
c1_bundle_strategy:v3_1_c1_gpt_4_1_bundle_5_random_l2__vs__v3_1_c2_gpt_4_1_bundle_5_cluster_l2_v2,c1_bundle_strategy,bundle_strategy,v3_1_c1_gpt_4_1_bundle_5_random_l2,v3_1_c2_gpt_4_1_bundle_5_cluster_l2_v2,abstain_rate,30,0.025,0.0,0.28879953672710956,0.08656523581484421,0.16666666666666666,-0.075,0.125,0.7946410717856429
c1_bundle_strategy:v3_1_c1_gpt_4_1_bundle_5_random_l2__vs__v3_1_c2_gpt_4_1_bundle_5_cluster_l2_v2,c1_bundle_strategy,bundle_strategy,v3_1_c1_gpt_4_1_bundle_5_random_l2,v3_1_c2_gpt_4_1_bundle_5_cluster_l2_v2,closed_world_conflict,29,0.02420301724137932,0.0,0.7034586865792689,0.03440574081055436,0.41379310344827586,-0.2407324461206897,0.27279612068965486,0.9274145170965807
c1_bundle_strategy:v3_1_c1_gpt_4_1_bundle_5_random_l2__vs__v3_1_c2_gpt_4_1_bundle_5_cluster_l2_v2,c1_bundle_strategy,bundle_strategy,v3_1_c1_gpt_4_1_bundle_5_random_l2,v3_1_c2_gpt_4_1_bundle_5_cluster_l2_v2,closed_world_expected_stage,29,0.10695369267045463,0.0,1.371935296554638,0.07795826300194263,0.41379310344827586,-0.35443004666370503,0.6066690649484341,0.6754649070185963
c1_bundle_strategy:v3_1_c1_gpt_4_1_bundle_5_random_l2__vs__v3_1_c2_gpt_4_1_bundle_5_cluster_l2_v2,c1_bundle_strategy,bundle_strategy,v3_1_c1_gpt_4_1_bundle_5_random_l2,v3_1_c2_gpt_4_1_bundle_5_cluster_l2_v2,mean_expected_stage,29,0.0675287356321839,0.0,0.5788961548268777,0.11665086228181763,0.41379310344827586,-0.14231321839080463,0.2729885057471264,0.5572885422915417
c1_bundle_strategy:v3_1_c1_gpt_4_1_bundle_5_random_l2__vs__v3_1_c2_gpt_4_1_bundle_5_cluster_l2_v2,c1_bundle_strategy,bundle_strategy,v3_1_c1_gpt_4_1_bundle_5_random_l2,v3_1_c2_gpt_4_1_bundle_5_cluster_l2_v2,mean_score_expert_agreement_prob,30,0.008333333333333344,5.551115123125783e-17,0.10225545540908583,0.08149524443458585,0.5,-0.02749999999999996,0.044166666666666646,0.6666666666666666
c1_bundle_strategy:v3_1_c1_gpt_4_1_bundle_5_random_l2__vs__v3_1_c2_gpt_4_1_bundle_5_cluster_l2_v2,c1_bundle_strategy,bundle_strategy,v3_1_c1_gpt_4_1_bundle_5_random_l2,v3_1_c2_gpt_4_1_bundle_5_cluster_l2_v2,mean_subset_size,29,-0.1810344827586207,0.0,0.5656630492408087,-0.32003943514003935,0.27586206896551724,-0.38505747126436785,0.011566091954022594,0.10477904419116177
c1_bundle_strategy:v3_1_c1_gpt_4_1_bundle_5_random_l2__vs__v3_1_c2_gpt_4_1_bundle_5_cluster_l2_v2,c1_bundle_strategy,bundle_strategy,v3_1_c1_gpt_4_1_bundle_5_random_l2,v3_1_c2_gpt_4_1_bundle_5_cluster_l2_v2,mid_scale_mass,30,0.06203703703703705,0.10416666666666674,0.3254318391546461,0.19062989410681752,0.6333333333333333,-0.05324074074074074,0.17223379629629626,0.30813837232553487
c1_bundle_strategy:v3_1_c1_gpt_4_1_bundle_5_random_l2__vs__v3_1_c2_gpt_4_1_bundle_5_cluster_l2_v2,c1_bundle_strategy,bundle_strategy,v3_1_c1_gpt_4_1_bundle_5_random_l2,v3_1_c2_gpt_4_1_bundle_5_cluster_l2_v2,singleton_rate,29,0.15804597701149425,0.16666666666666669,0.39924583392423346,0.39586130544692744,0.5517241379310345,0.014367816091954018,0.3045977011494253,0.041991601679664065
c1_bundle_strategy:v3_1_c1_gpt_4_1_bundle_5_random_l2__vs__v3_1_c2_gpt_4_1_bundle_5_cluster_l2_v2,c1_bundle_strategy,bundle_strategy,v3_1_c1_gpt_4_1_bundle_5_random_l2,v3_1_c2_gpt_4_1_bundle_5_cluster_l2_v2,stage_entropy,30,-0.05777429554315368,-0.07528847625086144,0.24974771683513233,-0.2313306254619041,0.3333333333333333,-0.14330458597800175,0.033670166993310484,0.20555888822235552
c1_bundle_strategy:v3_1_c1_gpt_4_1_bundle_5_random_l2__vs__v3_1_c2_gpt_4_1_bundle_5_cluster_l2_v2,c1_bundle_strategy,bundle_strategy,v3_1_c1_gpt_4_1_bundle_5_random_l2,v3_1_c2_gpt_4_1_bundle_5_cluster_l2_v2,tbm_conflict,30,0.18711939371033337,0.048750000000000016,0.5992878834474988,0.3122362371718569,0.6,-0.024320707776175007,0.3975907836280415,0.09498100379924015
c1_bundle_strategy:v3_1_c1_gpt_4_1_bundle_5_random_l2__vs__v3_1_c2_gpt_4_1_bundle_5_cluster_l2_v2,c1_bundle_strategy,bundle_strategy,v3_1_c1_gpt_4_1_bundle_5_random_l2,v3_1_c2_gpt_4_1_bundle_5_cluster_l2_v2,tbm_expected_stage,30,-0.18006655132130606,0.0,1.6303325148037207,-0.11044774589617055,0.43333333333333335,-0.7568485998738578,0.4030665850349605,0.5388922215556888
c1_bundle_strategy:v3_1_c1_gpt_5_2_bundle_5_random_l2__vs__v3_1_c2_gpt_5_2_bundle_5_cluster_l2_v2,c1_bundle_strategy,bundle_strategy,v3_1_c1_gpt_5_2_bundle_5_random_l2,v3_1_c2_gpt_5_2_bundle_5_cluster_l2_v2,abstain_rate,30,0.11666666666666667,0.0,0.12685406585123124,0.9196919774214262,0.4666666666666667,0.075,0.16666666666666666,0.0003999200159968006
c1_bundle_strategy:v3_1_c1_gpt_5_2_bundle_5_random_l2__vs__v3_1_c2_gpt_5_2_bundle_5_cluster_l2_v2,c1_bundle_strategy,bundle_strategy,v3_1_c1_gpt_5_2_bundle_5_random_l2,v3_1_c2_gpt_5_2_bundle_5_cluster_l2_v2,closed_world_conflict,30,0.14171049866666668,0.0,0.42963753416926065,0.32983733355763606,0.36666666666666664,-0.0174604164,0.29099783983333327,0.07738452309538092
c1_bundle_strategy:v3_1_c1_gpt_5_2_bundle_5_random_l2__vs__v3_1_c2_gpt_5_2_bundle_5_cluster_l2_v2,c1_bundle_strategy,bundle_strategy,v3_1_c1_gpt_5_2_bundle_5_random_l2,v3_1_c2_gpt_5_2_bundle_5_cluster_l2_v2,closed_world_expected_stage,30,-0.04155656859479733,-0.006720861692789626,0.37972355746120634,-0.10943900576682782,0.43333333333333335,-0.17403327893551662,0.09325980605872893,0.5652869426114777
c1_bundle_strategy:v3_1_c1_gpt_5_2_bundle_5_random_l2__vs__v3_1_c2_gpt_5_2_bundle_5_cluster_l2_v2,c1_bundle_strategy,bundle_strategy,v3_1_c1_gpt_5_2_bundle_5_random_l2,v3_1_c2_gpt_5_2_bundle_5_cluster_l2_v2,mean_expected_stage,30,-0.026388888888888906,-0.04166666666666674,0.3303536602922006,-0.07988072196792889,0.36666666666666664,-0.13194444444444445,0.08756944444444403,0.6588682263547291
c1_bundle_strategy:v3_1_c1_gpt_5_2_bundle_5_random_l2__vs__v3_1_c2_gpt_5_2_bundle_5_cluster_l2_v2,c1_bundle_strategy,bundle_strategy,v3_1_c1_gpt_5_2_bundle_5_random_l2,v3_1_c2_gpt_5_2_bundle_5_cluster_l2_v2,mean_score_expert_agreement_prob,30,0.01841666666666667,0.019999999999999962,0.09897858383241934,0.18606718699721886,0.6,-0.01658750000000001,0.05584374999999995,0.3149370125974805
c1_bundle_strategy:v3_1_c1_gpt_5_2_bundle_5_random_l2__vs__v3_1_c2_gpt_5_2_bundle_5_cluster_l2_v2,c1_bundle_strategy,bundle_strategy,v3_1_c1_gpt_5_2_bundle_5_random_l2,v3_1_c2_gpt_5_2_bundle_5_cluster_l2_v2,mean_subset_size,30,-0.011111111111111124,0.0,0.4150735828532465,-0.026769015350802436,0.4666666666666667,-0.15833333333333335,0.13055555555555554,0.8698260347930414
c1_bundle_strategy:v3_1_c1_gpt_5_2_bundle_5_random_l2__vs__v3_1_c2_gpt_5_2_bundle_5_cluster_l2_v2,c1_bundle_strategy,bundle_strategy,v3_1_c1_gpt_5_2_bundle_5_random_l2,v3_1_c2_gpt_5_2_bundle_5_cluster_l2_v2,mid_scale_mass,30,-0.06296296296296297,0.0,0.2428394861532866,-0.25927810983432537,0.3,-0.14907407407407408,0.02083333333333332,0.15876824635072986
c1_bundle_strategy:v3_1_c1_gpt_5_2_bundle_5_random_l2__vs__v3_1_c2_gpt_5_2_bundle_5_cluster_l2_v2,c1_bundle_strategy,bundle_strategy,v3_1_c1_gpt_5_2_bundle_5_random_l2,v3_1_c2_gpt_5_2_bundle_5_cluster_l2_v2,singleton_rate,30,0.024999999999999977,0.0,0.3878852676280859,0.06445204828962621,0.4,-0.1027777777777778,0.1694444444444444,0.7468506298740252
c1_bundle_strategy:v3_1_c1_gpt_5_2_bundle_5_random_l2__vs__v3_1_c2_gpt_5_2_bundle_5_cluster_l2_v2,c1_bundle_strategy,bundle_strategy,v3_1_c1_gpt_5_2_bundle_5_random_l2,v3_1_c2_gpt_5_2_bundle_5_cluster_l2_v2,stage_entropy,30,0.04786351192600746,0.06105072326467548,0.38450281974745343,0.12448156285939556,0.5333333333333333,-0.0833856625899234,0.18127108969212394,0.49350129974005197
c1_bundle_strategy:v3_1_c1_gpt_5_2_bundle_5_random_l2__vs__v3_1_c2_gpt_5_2_bundle_5_cluster_l2_v2,c1_bundle_strategy,bundle_strategy,v3_1_c1_gpt_5_2_bundle_5_random_l2,v3_1_c2_gpt_5_2_bundle_5_cluster_l2_v2,tbm_conflict,30,0.4351970719719213,0.3376169766890905,0.40129175130261496,1.0844904500509862,0.7666666666666667,0.2986309734205925,0.5763572610990152,0.0001999600079984003
c1_bundle_strategy:v3_1_c1_gpt_5_2_bundle_5_random_l2__vs__v3_1_c2_gpt_5_2_bundle_5_cluster_l2_v2,c1_bundle_strategy,bundle_strategy,v3_1_c1_gpt_5_2_bundle_5_random_l2,v3_1_c2_gpt_5_2_bundle_5_cluster_l2_v2,tbm_expected_stage,30,0.0012087959395738145,0.003742298915992981,0.2766852492606634,0.004368848512177155,0.5333333333333333,-0.09457170198370804,0.09947020378643202,0.979004199160168
c2_bundle_5_cluster_l2_v2:v3_1_c2_gpt_4_1_bundle_5_cluster_l2_v2__vs__v3_1_c2_gpt_5_2_bundle_5_cluster_l2_v2,c2_bundle_5_cluster_l2_v2,model_comparison,v3_1_c2_gpt_4_1_bundle_5_cluster_l2_v2,v3_1_c2_gpt_5_2_bundle_5_cluster_l2_v2,abstain_rate,30,0.041666666666666664,0.0,0.2185703285117793,0.1906327677245594,0.3333333333333333,-0.041666666666666664,0.11666666666666667,0.4267146570685863
c2_bundle_5_cluster_l2_v2:v3_1_c2_gpt_4_1_bundle_5_cluster_l2_v2__vs__v3_1_c2_gpt_5_2_bundle_5_cluster_l2_v2,c2_bundle_5_cluster_l2_v2,model_comparison,v3_1_c2_gpt_4_1_bundle_5_cluster_l2_v2,v3_1_c2_gpt_5_2_bundle_5_cluster_l2_v2,closed_world_conflict,30,-0.33126106866666666,-0.28102392,0.6231317576437106,-0.5316067823589766,0.2,-0.5383078439500001,-0.10417113480000002,0.006998600279944011
c2_bundle_5_cluster_l2_v2:v3_1_c2_gpt_4_1_bundle_5_cluster_l2_v2__vs__v3_1_c2_gpt_5_2_bundle_5_cluster_l2_v2,c2_bundle_5_cluster_l2_v2,model_comparison,v3_1_c2_gpt_4_1_bundle_5_cluster_l2_v2,v3_1_c2_gpt_5_2_bundle_5_cluster_l2_v2,closed_world_expected_stage,30,0.02129234224543802,0.008458999999999994,1.1916533820975528,0.017867898975756826,0.5666666666666667,-0.38091510586882443,0.4351041441361757,0.9212157568486303
c2_bundle_5_cluster_l2_v2:v3_1_c2_gpt_4_1_bundle_5_cluster_l2_v2__vs__v3_1_c2_gpt_5_2_bundle_5_cluster_l2_v2,c2_bundle_5_cluster_l2_v2,model_comparison,v3_1_c2_gpt_4_1_bundle_5_cluster_l2_v2,v3_1_c2_gpt_5_2_bundle_5_cluster_l2_v2,mean_expected_stage,30,-0.4333333333333334,-0.5,0.5661043525102368,-0.7654654683572627,0.2,-0.6333333333333333,-0.23194444444444445,0.0003999200159968006
c2_bundle_5_cluster_l2_v2:v3_1_c2_gpt_4_1_bundle_5_cluster_l2_v2__vs__v3_1_c2_gpt_5_2_bundle_5_cluster_l2_v2,c2_bundle_5_cluster_l2_v2,model_comparison,v3_1_c2_gpt_4_1_bundle_5_cluster_l2_v2,v3_1_c2_gpt_5_2_bundle_5_cluster_l2_v2,mean_score_expert_agreement_prob,30,-0.23125,-0.2362499999999999,0.08628778532649754,-2.6799853435221612,0.03333333333333333,-0.2601770833333334,-0.19857916666666667,0.0001999600079984003
c2_bundle_5_cluster_l2_v2:v3_1_c2_gpt_4_1_bundle_5_cluster_l2_v2__vs__v3_1_c2_gpt_5_2_bundle_5_cluster_l2_v2,c2_bundle_5_cluster_l2_v2,model_comparison,v3_1_c2_gpt_4_1_bundle_5_cluster_l2_v2,v3_1_c2_gpt_5_2_bundle_5_cluster_l2_v2,mean_subset_size,30,-0.2916666666666667,-0.25,0.40927348957882753,-0.7126449039414038,0.2,-0.43611111111111106,-0.15000000000000002,0.0011997600479904018
c2_bundle_5_cluster_l2_v2:v3_1_c2_gpt_4_1_bundle_5_cluster_l2_v2__vs__v3_1_c2_gpt_5_2_bundle_5_cluster_l2_v2,c2_bundle_5_cluster_l2_v2,model_comparison,v3_1_c2_gpt_4_1_bundle_5_cluster_l2_v2,v3_1_c2_gpt_5_2_bundle_5_cluster_l2_v2,mid_scale_mass,30,0.058333333333333355,0.0,0.3113863724815524,0.1873342525186751,0.43333333333333335,-0.0435185185185185,0.17362268518518514,0.3157368526294741
c2_bundle_5_cluster_l2_v2:v3_1_c2_gpt_4_1_bundle_5_cluster_l2_v2__vs__v3_1_c2_gpt_5_2_bundle_5_cluster_l2_v2,c2_bundle_5_cluster_l2_v2,model_comparison,v3_1_c2_gpt_4_1_bundle_5_cluster_l2_v2,v3_1_c2_gpt_5_2_bundle_5_cluster_l2_v2,singleton_rate,30,0.20277777777777778,0.20833333333333331,0.3731168125547057,0.5434699562031847,0.6,0.0722222222222222,0.3361805555555552,0.006798640271945611
c2_bundle_5_cluster_l2_v2:v3_1_c2_gpt_4_1_bundle_5_cluster_l2_v2__vs__v3_1_c2_gpt_5_2_bundle_5_cluster_l2_v2,c2_bundle_5_cluster_l2_v2,model_comparison,v3_1_c2_gpt_4_1_bundle_5_cluster_l2_v2,v3_1_c2_gpt_5_2_bundle_5_cluster_l2_v2,stage_entropy,30,-0.22131099958879835,-0.22723507572484794,0.329069723501188,-0.6725352829003103,0.26666666666666666,-0.33580440619800495,-0.10426069869769375,0.0013997200559888023
c2_bundle_5_cluster_l2_v2:v3_1_c2_gpt_4_1_bundle_5_cluster_l2_v2__vs__v3_1_c2_gpt_5_2_bundle_5_cluster_l2_v2,c2_bundle_5_cluster_l2_v2,model_comparison,v3_1_c2_gpt_4_1_bundle_5_cluster_l2_v2,v3_1_c2_gpt_5_2_bundle_5_cluster_l2_v2,tbm_conflict,30,-0.2406451387590892,-0.12875000000000003,0.5382238208867304,-0.44710978856830114,0.23333333333333334,-0.424870758030064,-0.04720729209749812,0.023195360927814438
c2_bundle_5_cluster_l2_v2:v3_1_c2_gpt_4_1_bundle_5_cluster_l2_v2__vs__v3_1_c2_gpt_5_2_bundle_5_cluster_l2_v2,c2_bundle_5_cluster_l2_v2,model_comparison,v3_1_c2_gpt_4_1_bundle_5_cluster_l2_v2,v3_1_c2_gpt_5_2_bundle_5_cluster_l2_v2,tbm_expected_stage,30,0.5109169705558674,0.12536228011004802,1.2900679720147834,0.39603879922538887,0.6,0.06235903242100919,0.9891105572476256,0.036392721455708855
c2_l3_projection:v3_1_c2_gpt_4_1_bundle_5_cluster_l2_v2__vs__v3_1_c3_gpt_4_1_bundle_5_cluster_l3_v2,c2_l3_projection,evidence_projection,v3_1_c2_gpt_4_1_bundle_5_cluster_l2_v2,v3_1_c3_gpt_4_1_bundle_5_cluster_l3_v2,abstain_rate,30,0.016666666666666666,0.0,0.3074739499291891,0.0542051340300698,0.2,-0.09187499999999998,0.13333333333333333,0.8902219556088782
c2_l3_projection:v3_1_c2_gpt_4_1_bundle_5_cluster_l2_v2__vs__v3_1_c3_gpt_4_1_bundle_5_cluster_l3_v2,c2_l3_projection,evidence_projection,v3_1_c2_gpt_4_1_bundle_5_cluster_l2_v2,v3_1_c3_gpt_4_1_bundle_5_cluster_l3_v2,closed_world_conflict,29,-0.20318146551724142,-0.0050000000000000044,0.765864509801178,-0.2652968807367615,0.3103448275862069,-0.49613362068965505,0.06879546336206847,0.14537092581483704
c2_l3_projection:v3_1_c2_gpt_4_1_bundle_5_cluster_l2_v2__vs__v3_1_c3_gpt_4_1_bundle_5_cluster_l3_v2,c2_l3_projection,evidence_projection,v3_1_c2_gpt_4_1_bundle_5_cluster_l2_v2,v3_1_c3_gpt_4_1_bundle_5_cluster_l3_v2,closed_world_expected_stage,29,0.19570507255462985,0.0,1.48049287338873,0.1321891351673153,0.4827586206896552,-0.3108129485883548,0.7205959576616447,0.48630273945210956
c2_l3_projection:v3_1_c2_gpt_4_1_bundle_5_cluster_l2_v2__vs__v3_1_c3_gpt_4_1_bundle_5_cluster_l3_v2,c2_l3_projection,evidence_projection,v3_1_c2_gpt_4_1_bundle_5_cluster_l2_v2,v3_1_c3_gpt_4_1_bundle_5_cluster_l3_v2,mean_expected_stage,29,-0.06896551724137931,-0.125,0.7446299035177929,-0.09261717386794605,0.3448275862068966,-0.3132183908045977,0.19683908045977014,0.6510697860427914
c2_l3_projection:v3_1_c2_gpt_4_1_bundle_5_cluster_l2_v2__vs__v3_1_c3_gpt_4_1_bundle_5_cluster_l3_v2,c2_l3_projection,evidence_projection,v3_1_c2_gpt_4_1_bundle_5_cluster_l2_v2,v3_1_c3_gpt_4_1_bundle_5_cluster_l3_v2,mean_score_expert_agreement_prob,30,0.00933333333333333,-5.551115123125783e-17,0.06914793403717276,0.134976315103151,0.4,-0.012916666666666677,0.03391666666666667,0.4777044591081784
c2_l3_projection:v3_1_c2_gpt_4_1_bundle_5_cluster_l2_v2__vs__v3_1_c3_gpt_4_1_bundle_5_cluster_l3_v2,c2_l3_projection,evidence_projection,v3_1_c2_gpt_4_1_bundle_5_cluster_l2_v2,v3_1_c3_gpt_4_1_bundle_5_cluster_l3_v2,mean_subset_size,29,0.05747126436781612,0.0,0.6346881843918931,0.09055039274581807,0.4482758620689655,-0.1724137931034483,0.2873563218390805,0.6160767846430714
c2_l3_projection:v3_1_c2_gpt_4_1_bundle_5_cluster_l2_v2__vs__v3_1_c3_gpt_4_1_bundle_5_cluster_l3_v2,c2_l3_projection,evidence_projection,v3_1_c2_gpt_4_1_bundle_5_cluster_l2_v2,v3_1_c3_gpt_4_1_bundle_5_cluster_l3_v2,mid_scale_mass,30,-0.025925925925925925,-0.04166666666666663,0.3011201357787627,-0.08609828053801782,0.36666666666666664,-0.1347337962962963,0.07964120370370363,0.6354729054189162
c2_l3_projection:v3_1_c2_gpt_4_1_bundle_5_cluster_l2_v2__vs__v3_1_c3_gpt_4_1_bundle_5_cluster_l3_v2,c2_l3_projection,evidence_projection,v3_1_c2_gpt_4_1_bundle_5_cluster_l2_v2,v3_1_c3_gpt_4_1_bundle_5_cluster_l3_v2,singleton_rate,29,-0.07758620689655174,0.0,0.4954810846034196,-0.1565876262635764,0.3793103448275862,-0.26436781609195403,0.09482758620689655,0.3843231353729254
c2_l3_projection:v3_1_c2_gpt_4_1_bundle_5_cluster_l2_v2__vs__v3_1_c3_gpt_4_1_bundle_5_cluster_l3_v2,c2_l3_projection,evidence_projection,v3_1_c2_gpt_4_1_bundle_5_cluster_l2_v2,v3_1_c3_gpt_4_1_bundle_5_cluster_l3_v2,stage_entropy,30,-0.039822285183739044,-0.0022759097279367313,0.37941225811106405,-0.10495782445722142,0.43333333333333335,-0.17752441194320556,0.09091773741833753,0.5590881823635273
c2_l3_projection:v3_1_c2_gpt_4_1_bundle_5_cluster_l2_v2__vs__v3_1_c3_gpt_4_1_bundle_5_cluster_l3_v2,c2_l3_projection,evidence_projection,v3_1_c2_gpt_4_1_bundle_5_cluster_l2_v2,v3_1_c3_gpt_4_1_bundle_5_cluster_l3_v2,tbm_conflict,30,-0.1953807482916667,-0.026250000000000107,0.6999832065267628,-0.27912205102908655,0.3333333333333333,-0.4362659590666666,0.04461610950937461,0.1365726854629074
c2_l3_projection:v3_1_c2_gpt_4_1_bundle_5_cluster_l2_v2__vs__v3_1_c3_gpt_4_1_bundle_5_cluster_l3_v2,c2_l3_projection,evidence_projection,v3_1_c2_gpt_4_1_bundle_5_cluster_l2_v2,v3_1_c3_gpt_4_1_bundle_5_cluster_l3_v2,tbm_expected_stage,30,0.04664323668247931,7.621562500004231e-05,1.732586595156366,0.026921157541490593,0.5,-0.5332001919300244,0.6530803628716493,0.8938212357528494
c2_l3_projection:v3_1_c2_gpt_5_2_bundle_5_cluster_l2_v2__vs__v3_1_c3_gpt_5_2_bundle_5_cluster_l3_v2,c2_l3_projection,evidence_projection,v3_1_c2_gpt_5_2_bundle_5_cluster_l2_v2,v3_1_c3_gpt_5_2_bundle_5_cluster_l3_v2,abstain_rate,30,0.025,0.0,0.20075289322430956,0.12453120649208509,0.3,-0.041666666666666664,0.09187499999999886,0.6502699460107978
c2_l3_projection:v3_1_c2_gpt_5_2_bundle_5_cluster_l2_v2__vs__v3_1_c3_gpt_5_2_bundle_5_cluster_l3_v2,c2_l3_projection,evidence_projection,v3_1_c2_gpt_5_2_bundle_5_cluster_l2_v2,v3_1_c3_gpt_5_2_bundle_5_cluster_l3_v2,closed_world_conflict,30,-0.002391953333333341,0.0,0.4395614006666102,-0.005441681935005804,0.36666666666666664,-0.1598400993,0.14479637616666655,0.9772045590881824
c2_l3_projection:v3_1_c2_gpt_5_2_bundle_5_cluster_l2_v2__vs__v3_1_c3_gpt_5_2_bundle_5_cluster_l3_v2,c2_l3_projection,evidence_projection,v3_1_c2_gpt_5_2_bundle_5_cluster_l2_v2,v3_1_c3_gpt_5_2_bundle_5_cluster_l3_v2,closed_world_expected_stage,30,0.13817641266575245,0.006496713992884429,0.46697755110913675,0.2958951931148815,0.5666666666666667,-0.026017769367497192,0.3020403852995728,0.10957808438312337
c2_l3_projection:v3_1_c2_gpt_5_2_bundle_5_cluster_l2_v2__vs__v3_1_c3_gpt_5_2_bundle_5_cluster_l3_v2,c2_l3_projection,evidence_projection,v3_1_c2_gpt_5_2_bundle_5_cluster_l2_v2,v3_1_c3_gpt_5_2_bundle_5_cluster_l3_v2,mean_expected_stage,30,0.06805555555555556,0.0,0.4195993535466984,0.16219175501656596,0.43333333333333335,-0.07232638888888888,0.20975694444444432,0.3795240951809638
c2_l3_projection:v3_1_c2_gpt_5_2_bundle_5_cluster_l2_v2__vs__v3_1_c3_gpt_5_2_bundle_5_cluster_l3_v2,c2_l3_projection,evidence_projection,v3_1_c2_gpt_5_2_bundle_5_cluster_l2_v2,v3_1_c3_gpt_5_2_bundle_5_cluster_l3_v2,mean_score_expert_agreement_prob,30,-0.02650000000000001,-0.020000000000000018,0.10035626193887869,-0.26405925736990543,0.4,-0.061337500000000024,0.008666666666666675,0.15256948610277946
c2_l3_projection:v3_1_c2_gpt_5_2_bundle_5_cluster_l2_v2__vs__v3_1_c3_gpt_5_2_bundle_5_cluster_l3_v2,c2_l3_projection,evidence_projection,v3_1_c2_gpt_5_2_bundle_5_cluster_l2_v2,v3_1_c3_gpt_5_2_bundle_5_cluster_l3_v2,mean_subset_size,30,0.02222222222222224,0.0,0.3751968406329471,0.05922816989805656,0.4,-0.10555555555555557,0.15006944444444412,0.7306538692261547
c2_l3_projection:v3_1_c2_gpt_5_2_bundle_5_cluster_l2_v2__vs__v3_1_c3_gpt_5_2_bundle_5_cluster_l3_v2,c2_l3_projection,evidence_projection,v3_1_c2_gpt_5_2_bundle_5_cluster_l2_v2,v3_1_c3_gpt_5_2_bundle_5_cluster_l3_v2,mid_scale_mass,30,0.02962962962962962,0.0,0.24812336659773723,0.11941491055804426,0.3333333333333333,-0.05834490740740742,0.1175925925925926,0.51749650069986
c2_l3_projection:v3_1_c2_gpt_5_2_bundle_5_cluster_l2_v2__vs__v3_1_c3_gpt_5_2_bundle_5_cluster_l3_v2,c2_l3_projection,evidence_projection,v3_1_c2_gpt_5_2_bundle_5_cluster_l2_v2,v3_1_c3_gpt_5_2_bundle_5_cluster_l3_v2,singleton_rate,30,-0.04444444444444444,0.0,0.35472544380874754,-0.1252925191022016,0.43333333333333335,-0.16944444444444445,0.08055555555555556,0.5166966606678665
c2_l3_projection:v3_1_c2_gpt_5_2_bundle_5_cluster_l2_v2__vs__v3_1_c3_gpt_5_2_bundle_5_cluster_l3_v2,c2_l3_projection,evidence_projection,v3_1_c2_gpt_5_2_bundle_5_cluster_l2_v2,v3_1_c3_gpt_5_2_bundle_5_cluster_l3_v2,stage_entropy,30,0.04852126422783733,0.06692842031488411,0.3710357167649442,0.13077248910399686,0.5,-0.0731952324384964,0.180850684743737,0.4875024995001
c2_l3_projection:v3_1_c2_gpt_5_2_bundle_5_cluster_l2_v2__vs__v3_1_c3_gpt_5_2_bundle_5_cluster_l3_v2,c2_l3_projection,evidence_projection,v3_1_c2_gpt_5_2_bundle_5_cluster_l2_v2,v3_1_c3_gpt_5_2_bundle_5_cluster_l3_v2,tbm_conflict,30,-8.458549643216202e-05,0.019554388047433924,0.538159240415877,-0.00015717559056831638,0.5333333333333333,-0.18976123876339038,0.20107317739656128,0.9992001599680064
c2_l3_projection:v3_1_c2_gpt_5_2_bundle_5_cluster_l2_v2__vs__v3_1_c3_gpt_5_2_bundle_5_cluster_l3_v2,c2_l3_projection,evidence_projection,v3_1_c2_gpt_5_2_bundle_5_cluster_l2_v2,v3_1_c3_gpt_5_2_bundle_5_cluster_l3_v2,tbm_expected_stage,30,0.08114469839665155,0.026169767324947024,0.3364538661590925,0.24117629951169056,0.5333333333333333,-0.03571693384723609,0.19688083198112682,0.2001599680063987
c3_bundle_5_cluster_l3_v2:v3_1_c3_gpt_4_1_bundle_5_cluster_l3_v2__vs__v3_1_c3_gpt_5_2_bundle_5_cluster_l3_v2,c3_bundle_5_cluster_l3_v2,model_comparison,v3_1_c3_gpt_4_1_bundle_5_cluster_l3_v2,v3_1_c3_gpt_5_2_bundle_5_cluster_l3_v2,abstain_rate,30,0.05,0.0,0.30371265912099354,0.16462929185997782,0.4666666666666667,-0.06666666666666667,0.14166666666666666,0.47070585882823435
c3_bundle_5_cluster_l3_v2:v3_1_c3_gpt_4_1_bundle_5_cluster_l3_v2__vs__v3_1_c3_gpt_5_2_bundle_5_cluster_l3_v2,c3_bundle_5_cluster_l3_v2,model_comparison,v3_1_c3_gpt_4_1_bundle_5_cluster_l3_v2,v3_1_c3_gpt_5_2_bundle_5_cluster_l3_v2,closed_world_conflict,29,-0.1088733848275862,0.0,0.5743254218855752,-0.18956741366269766,0.27586206896551724,-0.31527330034482753,0.09271997841379288,0.32373525294941013
c3_bundle_5_cluster_l3_v2:v3_1_c3_gpt_4_1_bundle_5_cluster_l3_v2__vs__v3_1_c3_gpt_5_2_bundle_5_cluster_l3_v2,c3_bundle_5_cluster_l3_v2,model_comparison,v3_1_c3_gpt_4_1_bundle_5_cluster_l3_v2,v3_1_c3_gpt_5_2_bundle_5_cluster_l3_v2,closed_world_expected_stage,29,-0.06620636057753615,-0.1886178998395347,0.9557160983453787,-0.06927408745354245,0.4827586206896552,-0.38629649870915583,0.28855701905439185,0.7164567086582684
c3_bundle_5_cluster_l3_v2:v3_1_c3_gpt_4_1_bundle_5_cluster_l3_v2__vs__v3_1_c3_gpt_5_2_bundle_5_cluster_l3_v2,c3_bundle_5_cluster_l3_v2,model_comparison,v3_1_c3_gpt_4_1_bundle_5_cluster_l3_v2,v3_1_c3_gpt_5_2_bundle_5_cluster_l3_v2,mean_expected_stage,29,-0.3089080459770115,-0.25,0.523210911496636,-0.5904082640275701,0.3448275862068966,-0.4971264367816091,-0.1278735632183908,0.003999200159968006
c3_bundle_5_cluster_l3_v2:v3_1_c3_gpt_4_1_bundle_5_cluster_l3_v2__vs__v3_1_c3_gpt_5_2_bundle_5_cluster_l3_v2,c3_bundle_5_cluster_l3_v2,model_comparison,v3_1_c3_gpt_4_1_bundle_5_cluster_l3_v2,v3_1_c3_gpt_5_2_bundle_5_cluster_l3_v2,mean_score_expert_agreement_prob,30,-0.2670833333333333,-0.25,0.07953551400793075,-3.358038690825604,0.0,-0.29617083333333327,-0.23874791666666664,0.0001999600079984003
c3_bundle_5_cluster_l3_v2:v3_1_c3_gpt_4_1_bundle_5_cluster_l3_v2__vs__v3_1_c3_gpt_5_2_bundle_5_cluster_l3_v2,c3_bundle_5_cluster_l3_v2,model_comparison,v3_1_c3_gpt_4_1_bundle_5_cluster_l3_v2,v3_1_c3_gpt_5_2_bundle_5_cluster_l3_v2,mean_subset_size,29,-0.3362068965517242,-0.25,0.4653056037394927,-0.7225507147340394,0.1724137931034483,-0.49999999999999994,-0.16091954022988503,0.0007998400319936012
c3_bundle_5_cluster_l3_v2:v3_1_c3_gpt_4_1_bundle_5_cluster_l3_v2__vs__v3_1_c3_gpt_5_2_bundle_5_cluster_l3_v2,c3_bundle_5_cluster_l3_v2,model_comparison,v3_1_c3_gpt_4_1_bundle_5_cluster_l3_v2,v3_1_c3_gpt_5_2_bundle_5_cluster_l3_v2,mid_scale_mass,30,0.1138888888888889,0.10416666666666669,0.2755031389399632,0.4133850863808387,0.6,0.019444444444444445,0.22781249999999983,0.02979404119176165
c3_bundle_5_cluster_l3_v2:v3_1_c3_gpt_4_1_bundle_5_cluster_l3_v2__vs__v3_1_c3_gpt_5_2_bundle_5_cluster_l3_v2,c3_bundle_5_cluster_l3_v2,model_comparison,v3_1_c3_gpt_4_1_bundle_5_cluster_l3_v2,v3_1_c3_gpt_5_2_bundle_5_cluster_l3_v2,singleton_rate,29,0.25,0.25,0.42198980654205004,0.5924313718584769,0.6551724137931034,0.10344827586206895,0.4022988505747126,0.0057988402319536095
c3_bundle_5_cluster_l3_v2:v3_1_c3_gpt_4_1_bundle_5_cluster_l3_v2__vs__v3_1_c3_gpt_5_2_bundle_5_cluster_l3_v2,c3_bundle_5_cluster_l3_v2,model_comparison,v3_1_c3_gpt_4_1_bundle_5_cluster_l3_v2,v3_1_c3_gpt_5_2_bundle_5_cluster_l3_v2,stage_entropy,30,-0.13296745017722197,-0.13385684062976821,0.28059746821593406,-0.4738725941564688,0.23333333333333334,-0.23795060200962187,-0.03376452033809653,0.015196960607878424
c3_bundle_5_cluster_l3_v2:v3_1_c3_gpt_4_1_bundle_5_cluster_l3_v2__vs__v3_1_c3_gpt_5_2_bundle_5_cluster_l3_v2,c3_bundle_5_cluster_l3_v2,model_comparison,v3_1_c3_gpt_4_1_bundle_5_cluster_l3_v2,v3_1_c3_gpt_5_2_bundle_5_cluster_l3_v2,tbm_conflict,30,-0.04534897596385467,-0.02939999999999998,0.594713068917673,-0.07625353861213431,0.4,-0.2569870018091343,0.16560810214171182,0.6742651469706059
c3_bundle_5_cluster_l3_v2:v3_1_c3_gpt_4_1_bundle_5_cluster_l3_v2__vs__v3_1_c3_gpt_5_2_bundle_5_cluster_l3_v2,c3_bundle_5_cluster_l3_v2,model_comparison,v3_1_c3_gpt_4_1_bundle_5_cluster_l3_v2,v3_1_c3_gpt_5_2_bundle_5_cluster_l3_v2,tbm_expected_stage,30,0.5454184322700397,0.21077210575991723,1.1912222190371793,0.4578645558768046,0.6333333333333333,0.1418091868093118,0.971744215222753,0.022795440911817635
c4_small_model_scale:v3_b1_gpt_4_1_mini_abstain_true__vs__v3_1_c4_gpt_4_1_mini_scale_5,c4_small_model_scale,scale_size,v3_b1_gpt_4_1_mini_abstain_true,v3_1_c4_gpt_4_1_mini_scale_5,abstain_rate,30,-0.32500000000000007,-0.35,0.20625979600561004,-1.575682737469402,0.03333333333333333,-0.3966666666666666,-0.2516666666666667,0.0001999600079984003
c4_small_model_scale:v3_b1_gpt_4_1_mini_abstain_true__vs__v3_1_c4_gpt_4_1_mini_scale_5,c4_small_model_scale,scale_size,v3_b1_gpt_4_1_mini_abstain_true,v3_1_c4_gpt_4_1_mini_scale_5,closed_world_conflict,30,0.034600000000000006,0.0,0.31898366080736634,0.1084695056556357,0.26666666666666666,-0.06646666666666666,0.1390170833333296,0.4349130173965207
c4_small_model_scale:v3_b1_gpt_4_1_mini_abstain_true__vs__v3_1_c4_gpt_4_1_mini_scale_5,c4_small_model_scale,scale_size,v3_b1_gpt_4_1_mini_abstain_true,v3_1_c4_gpt_4_1_mini_scale_5,closed_world_expected_stage,30,-0.16666666666666666,0.0,0.5920934999167601,-0.2814870737309185,0.03333333333333333,-0.4,0.03333333333333333,0.2533493301339732
c4_small_model_scale:v3_b1_gpt_4_1_mini_abstain_true__vs__v3_1_c4_gpt_4_1_mini_scale_5,c4_small_model_scale,scale_size,v3_b1_gpt_4_1_mini_abstain_true,v3_1_c4_gpt_4_1_mini_scale_5,mean_expected_stage,30,0.0442316730397226,-0.026388888888888906,0.46662440298814223,0.09479074123958023,0.4666666666666667,-0.12385970077465822,0.20664930474653725,0.5972805438912218
c4_small_model_scale:v3_b1_gpt_4_1_mini_abstain_true__vs__v3_1_c4_gpt_4_1_mini_scale_5,c4_small_model_scale,scale_size,v3_b1_gpt_4_1_mini_abstain_true,v3_1_c4_gpt_4_1_mini_scale_5,mean_score_expert_agreement_prob,30,0.00975,0.008750000000000147,0.04785642139739988,0.203734414636564,0.5666666666666667,-0.006506249999999997,0.02650208333333334,0.266746650669866
c4_small_model_scale:v3_b1_gpt_4_1_mini_abstain_true__vs__v3_1_c4_gpt_4_1_mini_scale_5,c4_small_model_scale,scale_size,v3_b1_gpt_4_1_mini_abstain_true,v3_1_c4_gpt_4_1_mini_scale_5,mean_subset_size,30,0.037452641527718926,0.0819143446852425,0.15426853055399486,0.2427756418838143,0.6,-0.016215914657381373,0.0938203942278052,0.1939612077584483
c4_small_model_scale:v3_b1_gpt_4_1_mini_abstain_true__vs__v3_1_c4_gpt_4_1_mini_scale_5,c4_small_model_scale,scale_size,v3_b1_gpt_4_1_mini_abstain_true,v3_1_c4_gpt_4_1_mini_scale_5,mid_scale_mass,30,-0.1382954671460863,-0.11388888888888893,0.30623555152762105,-0.4515983413950965,0.3333333333333333,-0.25121931720562724,-0.03300526156205338,0.02519496100779844
c4_small_model_scale:v3_b1_gpt_4_1_mini_abstain_true__vs__v3_1_c4_gpt_4_1_mini_scale_5,c4_small_model_scale,scale_size,v3_b1_gpt_4_1_mini_abstain_true,v3_1_c4_gpt_4_1_mini_scale_5,singleton_rate,30,-0.030610536264561037,-0.050000000000000044,0.14909703906620977,-0.2053061312033686,0.36666666666666664,-0.07997653323127393,0.022260871850171254,0.2695460907818436
c4_small_model_scale:v3_b1_gpt_4_1_mini_abstain_true__vs__v3_1_c4_gpt_4_1_mini_scale_5,c4_small_model_scale,scale_size,v3_b1_gpt_4_1_mini_abstain_true,v3_1_c4_gpt_4_1_mini_scale_5,stage_entropy,30,0.018502445008788164,0.03898785834536134,0.18066835348509944,0.10241110106930901,0.6,-0.04160166275724941,0.08052233858140284,0.5766846630673865
c4_small_model_scale:v3_b1_gpt_4_1_mini_abstain_true__vs__v3_1_c4_gpt_4_1_mini_scale_5,c4_small_model_scale,scale_size,v3_b1_gpt_4_1_mini_abstain_true,v3_1_c4_gpt_4_1_mini_scale_5,tbm_conflict,30,-0.0355523700391175,-7.250387679125225e-08,0.18227482655256147,-0.19504816277449855,0.13333333333333333,-0.10305117927908715,-0.0007755301571234313,0.004199160167966407
c4_small_model_scale:v3_b1_gpt_4_1_mini_abstain_true__vs__v3_1_c4_gpt_4_1_mini_scale_5,c4_small_model_scale,scale_size,v3_b1_gpt_4_1_mini_abstain_true,v3_1_c4_gpt_4_1_mini_scale_5,tbm_expected_stage,30,0.4057603772722848,0.0,0.7799462557606778,0.5202414580175767,0.3333333333333333,0.13892259481931166,0.7094148577890333,0.003799240151969606
c4_small_model_scale:v3_b1_gpt_5_2_chat_abstain_true__vs__v3_1_c4_gpt_5_2_chat_scale_5,c4_small_model_scale,scale_size,v3_b1_gpt_5_2_chat_abstain_true,v3_1_c4_gpt_5_2_chat_scale_5,abstain_rate,30,-0.195,-0.225,0.19491377403956045,-1.0004423800260624,0.1,-0.26166666666666666,-0.12333333333333334,0.0001999600079984003
c4_small_model_scale:v3_b1_gpt_5_2_chat_abstain_true__vs__v3_1_c4_gpt_5_2_chat_scale_5,c4_small_model_scale,scale_size,v3_b1_gpt_5_2_chat_abstain_true,v3_1_c4_gpt_5_2_chat_scale_5,closed_world_conflict,30,0.046283475893894685,0.013931846861210295,0.2099277259088441,0.22047338289174884,0.9333333333333333,-0.021080023346941396,0.12619341578912113,0.3077384523095381
c4_small_model_scale:v3_b1_gpt_5_2_chat_abstain_true__vs__v3_1_c4_gpt_5_2_chat_scale_5,c4_small_model_scale,scale_size,v3_b1_gpt_5_2_chat_abstain_true,v3_1_c4_gpt_5_2_chat_scale_5,closed_world_expected_stage,30,-0.9904622029965033,-1.0199945910857577,1.2740299041214886,-0.7774246113002188,0.26666666666666666,-1.432343828735584,-0.5289284774366961,0.0005998800239952009
c4_small_model_scale:v3_b1_gpt_5_2_chat_abstain_true__vs__v3_1_c4_gpt_5_2_chat_scale_5,c4_small_model_scale,scale_size,v3_b1_gpt_5_2_chat_abstain_true,v3_1_c4_gpt_5_2_chat_scale_5,mean_expected_stage,30,-0.0664575755771576,-0.1428571428571428,0.49304284351419264,-0.13479067073254167,0.4666666666666667,-0.24120231390950236,0.10839068957286827,0.4491101779644071
c4_small_model_scale:v3_b1_gpt_5_2_chat_abstain_true__vs__v3_1_c4_gpt_5_2_chat_scale_5,c4_small_model_scale,scale_size,v3_b1_gpt_5_2_chat_abstain_true,v3_1_c4_gpt_5_2_chat_scale_5,mean_score_expert_agreement_prob,30,-0.025366666666666652,-0.048750000000000016,0.10039430308515535,-0.2526703795647689,0.3333333333333333,-0.06135166666666668,0.009987916666666664,0.16516696660667868
c4_small_model_scale:v3_b1_gpt_5_2_chat_abstain_true__vs__v3_1_c4_gpt_5_2_chat_scale_5,c4_small_model_scale,scale_size,v3_b1_gpt_5_2_chat_abstain_true,v3_1_c4_gpt_5_2_chat_scale_5,mean_subset_size,30,-0.079027700742097,-0.03436797121007651,0.29160504479872024,-0.27100937432905425,0.4,-0.18298116353747157,0.02094787084618739,0.15276944611077783
c4_small_model_scale:v3_b1_gpt_5_2_chat_abstain_true__vs__v3_1_c4_gpt_5_2_chat_scale_5,c4_small_model_scale,scale_size,v3_b1_gpt_5_2_chat_abstain_true,v3_1_c4_gpt_5_2_chat_scale_5,mid_scale_mass,30,-0.15187120277097058,-0.13940467427309539,0.20284806345643175,-0.7486943685000468,0.3,-0.22761270468294462,-0.08154515619685912,0.0003999200159968006
c4_small_model_scale:v3_b1_gpt_5_2_chat_abstain_true__vs__v3_1_c4_gpt_5_2_chat_scale_5,c4_small_model_scale,scale_size,v3_b1_gpt_5_2_chat_abstain_true,v3_1_c4_gpt_5_2_chat_scale_5,singleton_rate,30,0.08418292950026697,0.04007936507936505,0.2813381114204296,0.29922334046831156,0.6333333333333333,-0.014417934769908446,0.1891504922844897,0.11597680463907219
c4_small_model_scale:v3_b1_gpt_5_2_chat_abstain_true__vs__v3_1_c4_gpt_5_2_chat_scale_5,c4_small_model_scale,scale_size,v3_b1_gpt_5_2_chat_abstain_true,v3_1_c4_gpt_5_2_chat_scale_5,stage_entropy,30,0.0752365329322811,0.043754032207298454,0.17000500776334607,0.4425548042503161,0.6333333333333333,0.017441721959057396,0.13301743744242833,0.01899620075984803
c4_small_model_scale:v3_b1_gpt_5_2_chat_abstain_true__vs__v3_1_c4_gpt_5_2_chat_scale_5,c4_small_model_scale,scale_size,v3_b1_gpt_5_2_chat_abstain_true,v3_1_c4_gpt_5_2_chat_scale_5,tbm_conflict,30,-0.0031930623838570854,-2.203963694769051e-06,0.006955539611570374,-0.45906752921735966,0.2,-0.005943884588314707,-0.001022729145750905,0.003999200159968006
c4_small_model_scale:v3_b1_gpt_5_2_chat_abstain_true__vs__v3_1_c4_gpt_5_2_chat_scale_5,c4_small_model_scale,scale_size,v3_b1_gpt_5_2_chat_abstain_true,v3_1_c4_gpt_5_2_chat_scale_5,tbm_expected_stage,30,0.7562398610861091,0.0,1.0355982558938417,0.7302444328987269,0.43333333333333335,0.385218347584892,1.1337575309367656,0.0001999600079984003
c4_small_model_scale_5:v3_1_c4_gpt_4_1_mini_scale_5__vs__v3_1_c4_gpt_5_2_chat_scale_5,c4_small_model_scale_5,model_comparison,v3_1_c4_gpt_4_1_mini_scale_5,v3_1_c4_gpt_5_2_chat_scale_5,abstain_rate,30,0.11333333333333334,0.07500000000000001,0.2038142043260417,0.5560619963073523,0.6,0.04333333333333333,0.18333333333333338,0.0061987602479504095
c4_small_model_scale_5:v3_1_c4_gpt_4_1_mini_scale_5__vs__v3_1_c4_gpt_5_2_chat_scale_5,c4_small_model_scale_5,model_comparison,v3_1_c4_gpt_4_1_mini_scale_5,v3_1_c4_gpt_5_2_chat_scale_5,closed_world_conflict,30,0.004706663619222303,-0.00011684645167753249,0.22258854366360517,0.021145129671792162,0.06666666666666667,-0.06269158410432395,0.09616665874014677,0.9972005598880224
c4_small_model_scale_5:v3_1_c4_gpt_4_1_mini_scale_5__vs__v3_1_c4_gpt_5_2_chat_scale_5,c4_small_model_scale_5,model_comparison,v3_1_c4_gpt_4_1_mini_scale_5,v3_1_c4_gpt_5_2_chat_scale_5,closed_world_expected_stage,30,1.118121370456277,1.0000940011489208,1.2455369800561624,0.8977022668615264,0.5333333333333333,0.6755523118724,1.5617811431085302,0.0001999600079984003
c4_small_model_scale_5:v3_1_c4_gpt_4_1_mini_scale_5__vs__v3_1_c4_gpt_5_2_chat_scale_5,c4_small_model_scale_5,model_comparison,v3_1_c4_gpt_4_1_mini_scale_5,v3_1_c4_gpt_5_2_chat_scale_5,mean_expected_stage,30,0.41052898948603284,0.3078947368421051,0.621009861361249,0.6610667801412304,0.7666666666666667,0.1947797821445267,0.6291014001979558,0.0013997200559888023
c4_small_model_scale_5:v3_1_c4_gpt_4_1_mini_scale_5__vs__v3_1_c4_gpt_5_2_chat_scale_5,c4_small_model_scale_5,model_comparison,v3_1_c4_gpt_4_1_mini_scale_5,v3_1_c4_gpt_5_2_chat_scale_5,mean_score_expert_agreement_prob,30,-0.23254999999999992,-0.22874999999999973,0.08282942068513148,-2.8075772844532816,0.0,-0.26223333333333326,-0.20401624999999987,0.0001999600079984003
c4_small_model_scale_5:v3_1_c4_gpt_4_1_mini_scale_5__vs__v3_1_c4_gpt_5_2_chat_scale_5,c4_small_model_scale_5,model_comparison,v3_1_c4_gpt_4_1_mini_scale_5,v3_1_c4_gpt_5_2_chat_scale_5,mean_subset_size,30,0.0766564822060178,0.05833333333333335,0.20848276139808053,0.3676873890769732,0.5666666666666667,0.005819104542401746,0.14835719231462255,0.052189562087582485
c4_small_model_scale_5:v3_1_c4_gpt_4_1_mini_scale_5__vs__v3_1_c4_gpt_5_2_chat_scale_5,c4_small_model_scale_5,model_comparison,v3_1_c4_gpt_4_1_mini_scale_5,v3_1_c4_gpt_5_2_chat_scale_5,mid_scale_mass,30,0.23202245416835196,0.2603070175438596,0.2691677051473552,0.8619995999941071,0.8333333333333334,0.13575361732637278,0.325001600201484,0.0001999600079984003
c4_small_model_scale_5:v3_1_c4_gpt_4_1_mini_scale_5__vs__v3_1_c4_gpt_5_2_chat_scale_5,c4_small_model_scale_5,model_comparison,v3_1_c4_gpt_4_1_mini_scale_5,v3_1_c4_gpt_5_2_chat_scale_5,singleton_rate,30,-0.07318462855227563,-0.05833333333333335,0.19787562034784087,-0.36985166956710536,0.4,-0.14378913972809093,-0.004508871041669045,0.060187962407518496
c4_small_model_scale_5:v3_1_c4_gpt_4_1_mini_scale_5__vs__v3_1_c4_gpt_5_2_chat_scale_5,c4_small_model_scale_5,model_comparison,v3_1_c4_gpt_4_1_mini_scale_5,v3_1_c4_gpt_5_2_chat_scale_5,stage_entropy,30,0.10147034354244625,0.08696940916634854,0.21169467494036234,0.4793240244282574,0.6666666666666666,0.02830957951429827,0.17490094795142674,0.016796640671865627
c4_small_model_scale_5:v3_1_c4_gpt_4_1_mini_scale_5__vs__v3_1_c4_gpt_5_2_chat_scale_5,c4_small_model_scale_5,model_comparison,v3_1_c4_gpt_4_1_mini_scale_5,v3_1_c4_gpt_5_2_chat_scale_5,tbm_conflict,30,0.03230860104517954,-1.7171520094727555e-07,0.18282703520859864,0.17671675859271396,0.3333333333333333,-0.002853539518212387,0.10084679318702029,0.789242151569686
c4_small_model_scale_5:v3_1_c4_gpt_4_1_mini_scale_5__vs__v3_1_c4_gpt_5_2_chat_scale_5,c4_small_model_scale_5,model_comparison,v3_1_c4_gpt_4_1_mini_scale_5,v3_1_c4_gpt_5_2_chat_scale_5,tbm_expected_stage,30,0.3838398582600911,0.0,1.2316777374869725,0.31163984423657004,0.43333333333333335,-0.031329555198975706,0.842865239973858,0.09918016396720655
c5_small_model_bundle_5_cluster_l2:v3_1_c5_gpt_4_1_mini_bundle_5_cluster_l2__vs__v3_1_c5_gpt_5_2_chat_bundle_5_cluster_l2,c5_small_model_bundle_5_cluster_l2,model_comparison,v3_1_c5_gpt_4_1_mini_bundle_5_cluster_l2,v3_1_c5_gpt_5_2_chat_bundle_5_cluster_l2,abstain_rate,30,-0.13333333333333333,0.0,0.25200346649686545,-0.5290932509255455,0.06666666666666667,-0.225,-0.05,0.006798640271945611
c5_small_model_bundle_5_cluster_l2:v3_1_c5_gpt_4_1_mini_bundle_5_cluster_l2__vs__v3_1_c5_gpt_5_2_chat_bundle_5_cluster_l2,c5_small_model_bundle_5_cluster_l2,model_comparison,v3_1_c5_gpt_4_1_mini_bundle_5_cluster_l2,v3_1_c5_gpt_5_2_chat_bundle_5_cluster_l2,closed_world_conflict,29,-0.28211335172413793,0.0,0.4342781999683932,-0.6496143526077758,0.034482758620689655,-0.44727673344827584,-0.14088857827586204,0.0021995600879824036
c5_small_model_bundle_5_cluster_l2:v3_1_c5_gpt_4_1_mini_bundle_5_cluster_l2__vs__v3_1_c5_gpt_5_2_chat_bundle_5_cluster_l2,c5_small_model_bundle_5_cluster_l2,model_comparison,v3_1_c5_gpt_4_1_mini_bundle_5_cluster_l2,v3_1_c5_gpt_5_2_chat_bundle_5_cluster_l2,closed_world_expected_stage,29,0.19898744979082503,0.10000000000000009,0.6425156649066911,0.3097005421956877,0.7241379310344828,-0.027799005997941297,0.4420394170314316,0.10157968406318736
c5_small_model_bundle_5_cluster_l2:v3_1_c5_gpt_4_1_mini_bundle_5_cluster_l2__vs__v3_1_c5_gpt_5_2_chat_bundle_5_cluster_l2,c5_small_model_bundle_5_cluster_l2,model_comparison,v3_1_c5_gpt_4_1_mini_bundle_5_cluster_l2,v3_1_c5_gpt_5_2_chat_bundle_5_cluster_l2,mean_expected_stage,29,0.25,0.3333333333333335,0.5032138773416392,0.4968066487368975,0.6896551724137931,0.058908045977011506,0.4324712643678161,0.014397120575884824
c5_small_model_bundle_5_cluster_l2:v3_1_c5_gpt_4_1_mini_bundle_5_cluster_l2__vs__v3_1_c5_gpt_5_2_chat_bundle_5_cluster_l2,c5_small_model_bundle_5_cluster_l2,model_comparison,v3_1_c5_gpt_4_1_mini_bundle_5_cluster_l2,v3_1_c5_gpt_5_2_chat_bundle_5_cluster_l2,mean_score_expert_agreement_prob,30,-0.20116666666666666,-0.18375000000000008,0.09387889606528606,-2.1428316170949606,0.0,-0.23475208333333336,-0.16857708333333338,0.0001999600079984003
c5_small_model_bundle_5_cluster_l2:v3_1_c5_gpt_4_1_mini_bundle_5_cluster_l2__vs__v3_1_c5_gpt_5_2_chat_bundle_5_cluster_l2,c5_small_model_bundle_5_cluster_l2,model_comparison,v3_1_c5_gpt_4_1_mini_bundle_5_cluster_l2,v3_1_c5_gpt_5_2_chat_bundle_5_cluster_l2,mean_subset_size,29,0.27586206896551724,0.25,0.36805975098557914,0.7495034929160883,0.7241379310344828,0.14367816091954025,0.40804597701149425,0.0011997600479904018
c5_small_model_bundle_5_cluster_l2:v3_1_c5_gpt_4_1_mini_bundle_5_cluster_l2__vs__v3_1_c5_gpt_5_2_chat_bundle_5_cluster_l2,c5_small_model_bundle_5_cluster_l2,model_comparison,v3_1_c5_gpt_4_1_mini_bundle_5_cluster_l2,v3_1_c5_gpt_5_2_chat_bundle_5_cluster_l2,mid_scale_mass,30,0.15694444444444447,0.125,0.3321969374275909,0.4724439835591613,0.5666666666666667,0.04024305555555557,0.2777777777777778,0.016796640671865627
c5_small_model_bundle_5_cluster_l2:v3_1_c5_gpt_4_1_mini_bundle_5_cluster_l2__vs__v3_1_c5_gpt_5_2_chat_bundle_5_cluster_l2,c5_small_model_bundle_5_cluster_l2,model_comparison,v3_1_c5_gpt_4_1_mini_bundle_5_cluster_l2,v3_1_c5_gpt_5_2_chat_bundle_5_cluster_l2,singleton_rate,29,-0.22413793103448276,-0.16666666666666669,0.3557237817000644,-0.63008981284099,0.13793103448275862,-0.34777298850574717,-0.09770114942528736,0.0023995200959808036
c5_small_model_bundle_5_cluster_l2:v3_1_c5_gpt_4_1_mini_bundle_5_cluster_l2__vs__v3_1_c5_gpt_5_2_chat_bundle_5_cluster_l2,c5_small_model_bundle_5_cluster_l2,model_comparison,v3_1_c5_gpt_4_1_mini_bundle_5_cluster_l2,v3_1_c5_gpt_5_2_chat_bundle_5_cluster_l2,stage_entropy,30,0.0973811765964718,0.06644096171661601,0.2962214628019869,0.32874449972440895,0.6333333333333333,-0.005580497714607383,0.19757660654817272,0.08098380323935213
c5_small_model_bundle_5_cluster_l2:v3_1_c5_gpt_4_1_mini_bundle_5_cluster_l2__vs__v3_1_c5_gpt_5_2_chat_bundle_5_cluster_l2,c5_small_model_bundle_5_cluster_l2,model_comparison,v3_1_c5_gpt_4_1_mini_bundle_5_cluster_l2,v3_1_c5_gpt_5_2_chat_bundle_5_cluster_l2,tbm_conflict,30,-0.4539740625939801,-0.588421314481528,0.5475908994566606,-0.8290387277152149,0.1,-0.629305905100537,-0.2511898298272919,0.0003999200159968006
c5_small_model_bundle_5_cluster_l2:v3_1_c5_gpt_4_1_mini_bundle_5_cluster_l2__vs__v3_1_c5_gpt_5_2_chat_bundle_5_cluster_l2,c5_small_model_bundle_5_cluster_l2,model_comparison,v3_1_c5_gpt_4_1_mini_bundle_5_cluster_l2,v3_1_c5_gpt_5_2_chat_bundle_5_cluster_l2,tbm_expected_stage,30,0.8225201757395314,0.482030004162321,0.9964968008636017,0.8254117574955628,0.8,0.49502727784361455,1.1665087316802183,0.0003999200159968006
c6_bundle_5_cluster_l2_scale_7:v3_1_c6_gpt_4_1_bundle_5_cluster_l2_scale_7__vs__v3_1_c6_gpt_5_2_bundle_5_cluster_l2_scale_7,c6_bundle_5_cluster_l2_scale_7,model_comparison,v3_1_c6_gpt_4_1_bundle_5_cluster_l2_scale_7,v3_1_c6_gpt_5_2_bundle_5_cluster_l2_scale_7,abstain_rate,30,0.03333333333333333,0.0,0.10854312136382618,0.3070976116635082,0.16666666666666666,0.0,0.075,0.21875624875024996
c6_bundle_5_cluster_l2_scale_7:v3_1_c6_gpt_4_1_bundle_5_cluster_l2_scale_7__vs__v3_1_c6_gpt_5_2_bundle_5_cluster_l2_scale_7,c6_bundle_5_cluster_l2_scale_7,model_comparison,v3_1_c6_gpt_4_1_bundle_5_cluster_l2_scale_7,v3_1_c6_gpt_5_2_bundle_5_cluster_l2_scale_7,closed_world_conflict,30,-0.20410149066666666,0.0,0.4578135090203861,-0.4458179731380058,0.06666666666666667,-0.36004166666666665,-0.04254717593333336,0.022795440911817635
c6_bundle_5_cluster_l2_scale_7:v3_1_c6_gpt_4_1_bundle_5_cluster_l2_scale_7__vs__v3_1_c6_gpt_5_2_bundle_5_cluster_l2_scale_7,c6_bundle_5_cluster_l2_scale_7,model_comparison,v3_1_c6_gpt_4_1_bundle_5_cluster_l2_scale_7,v3_1_c6_gpt_5_2_bundle_5_cluster_l2_scale_7,closed_world_expected_stage,30,0.24992921061866913,-0.0192699999999999,0.8042988157101578,0.31074173645026876,0.3333333333333333,0.020285925135128918,0.5617423112423912,0.057788442311537694
c6_bundle_5_cluster_l2_scale_7:v3_1_c6_gpt_4_1_bundle_5_cluster_l2_scale_7__vs__v3_1_c6_gpt_5_2_bundle_5_cluster_l2_scale_7,c6_bundle_5_cluster_l2_scale_7,model_comparison,v3_1_c6_gpt_4_1_bundle_5_cluster_l2_scale_7,v3_1_c6_gpt_5_2_bundle_5_cluster_l2_scale_7,mean_expected_stage,30,-0.16388888888888895,-0.22916666666666674,0.4919044492872654,-0.3331722027039038,0.36666666666666664,-0.3403125000000001,0.009722222222222172,0.07758448310337933
c6_bundle_5_cluster_l2_scale_7:v3_1_c6_gpt_4_1_bundle_5_cluster_l2_scale_7__vs__v3_1_c6_gpt_5_2_bundle_5_cluster_l2_scale_7,c6_bundle_5_cluster_l2_scale_7,model_comparison,v3_1_c6_gpt_4_1_bundle_5_cluster_l2_scale_7,v3_1_c6_gpt_5_2_bundle_5_cluster_l2_scale_7,mean_score_expert_agreement_prob,30,-0.20708333333333334,-0.20874999999999988,0.06620593307787939,-3.127866698740383,0.03333333333333333,-0.2293375,-0.18307500000000004,0.0001999600079984003
c6_bundle_5_cluster_l2_scale_7:v3_1_c6_gpt_4_1_bundle_5_cluster_l2_scale_7__vs__v3_1_c6_gpt_5_2_bundle_5_cluster_l2_scale_7,c6_bundle_5_cluster_l2_scale_7,model_comparison,v3_1_c6_gpt_4_1_bundle_5_cluster_l2_scale_7,v3_1_c6_gpt_5_2_bundle_5_cluster_l2_scale_7,mean_subset_size,30,-0.5555555555555556,-0.5,0.6732197089365689,-0.8252217636841352,0.2,-0.7944444444444445,-0.3304166666666674,0.0001999600079984003
c6_bundle_5_cluster_l2_scale_7:v3_1_c6_gpt_4_1_bundle_5_cluster_l2_scale_7__vs__v3_1_c6_gpt_5_2_bundle_5_cluster_l2_scale_7,c6_bundle_5_cluster_l2_scale_7,model_comparison,v3_1_c6_gpt_4_1_bundle_5_cluster_l2_scale_7,v3_1_c6_gpt_5_2_bundle_5_cluster_l2_scale_7,mid_scale_mass,30,0.03500000000000001,0.0,0.10605247020593911,0.3300253160726468,0.43333333333333335,0.0008333333333333488,0.07777777777777777,0.04319136172765447
c6_bundle_5_cluster_l2_scale_7:v3_1_c6_gpt_4_1_bundle_5_cluster_l2_scale_7__vs__v3_1_c6_gpt_5_2_bundle_5_cluster_l2_scale_7,c6_bundle_5_cluster_l2_scale_7,model_comparison,v3_1_c6_gpt_4_1_bundle_5_cluster_l2_scale_7,v3_1_c6_gpt_5_2_bundle_5_cluster_l2_scale_7,singleton_rate,30,0.27777777777777773,0.25,0.43347330483266694,0.6408186494552597,0.6333333333333333,0.12222222222222223,0.43611111111111106,0.003199360127974405
c6_bundle_5_cluster_l2_scale_7:v3_1_c6_gpt_4_1_bundle_5_cluster_l2_scale_7__vs__v3_1_c6_gpt_5_2_bundle_5_cluster_l2_scale_7,c6_bundle_5_cluster_l2_scale_7,model_comparison,v3_1_c6_gpt_4_1_bundle_5_cluster_l2_scale_7,v3_1_c6_gpt_5_2_bundle_5_cluster_l2_scale_7,stage_entropy,30,-0.24711498474515714,-0.24604707671678278,0.25328548547484303,-0.9756381589804964,0.16666666666666666,-0.3369706579469129,-0.16105433852363935,0.0001999600079984003
c6_bundle_5_cluster_l2_scale_7:v3_1_c6_gpt_4_1_bundle_5_cluster_l2_scale_7__vs__v3_1_c6_gpt_5_2_bundle_5_cluster_l2_scale_7,c6_bundle_5_cluster_l2_scale_7,model_comparison,v3_1_c6_gpt_4_1_bundle_5_cluster_l2_scale_7,v3_1_c6_gpt_5_2_bundle_5_cluster_l2_scale_7,tbm_conflict,30,-0.07833362656211001,0.0,0.49271858399640434,-0.15898248839479873,0.2,-0.24719979155421332,0.09150157762503322,0.3895220955808838
c6_bundle_5_cluster_l2_scale_7:v3_1_c6_gpt_4_1_bundle_5_cluster_l2_scale_7__vs__v3_1_c6_gpt_5_2_bundle_5_cluster_l2_scale_7,c6_bundle_5_cluster_l2_scale_7,model_comparison,v3_1_c6_gpt_4_1_bundle_5_cluster_l2_scale_7,v3_1_c6_gpt_5_2_bundle_5_cluster_l2_scale_7,tbm_expected_stage,30,0.06766828396148968,-0.2178270887505569,1.0047801512205006,0.06734635818521435,0.3333333333333333,-0.22685683669266538,0.46820103072386726,0.648870225954809
c6_scale_probe:v3_1_c2_gpt_4_1_bundle_5_cluster_l2_v2__vs__v3_1_c6_gpt_4_1_bundle_5_cluster_l2_scale_7,c6_scale_probe,scale_probe,v3_1_c2_gpt_4_1_bundle_5_cluster_l2_v2,v3_1_c6_gpt_4_1_bundle_5_cluster_l2_scale_7,abstain_rate,30,-0.06666666666666667,0.0,0.20692049669866683,-0.3221849344569846,0.03333333333333333,-0.15,0.0,0.15676864627074585
c6_scale_probe:v3_1_c2_gpt_4_1_bundle_5_cluster_l2_v2__vs__v3_1_c6_gpt_4_1_bundle_5_cluster_l2_scale_7,c6_scale_probe,scale_probe,v3_1_c2_gpt_4_1_bundle_5_cluster_l2_v2,v3_1_c6_gpt_4_1_bundle_5_cluster_l2_scale_7,closed_world_conflict,30,-0.33182541666666665,-0.04999999999999999,0.62108721670915,-0.5342654102991428,0.1,-0.5374210520833332,-0.10866250000000002,0.007398520295940812
c6_scale_probe:v3_1_c2_gpt_4_1_bundle_5_cluster_l2_v2__vs__v3_1_c6_gpt_4_1_bundle_5_cluster_l2_scale_7,c6_scale_probe,scale_probe,v3_1_c2_gpt_4_1_bundle_5_cluster_l2_v2,v3_1_c6_gpt_4_1_bundle_5_cluster_l2_scale_7,closed_world_expected_stage,30,1.6623098340250309,1.5,1.3198483765910374,1.2594703024286154,0.9666666666666667,1.1357244502579165,2.110166329972777,0.0001999600079984003
c6_scale_probe:v3_1_c2_gpt_4_1_bundle_5_cluster_l2_v2__vs__v3_1_c6_gpt_4_1_bundle_5_cluster_l2_scale_7,c6_scale_probe,scale_probe,v3_1_c2_gpt_4_1_bundle_5_cluster_l2_v2,v3_1_c6_gpt_4_1_bundle_5_cluster_l2_scale_7,mean_expected_stage,30,1.326388888888889,1.375,0.5300007379690759,2.502617060443188,0.9666666666666667,1.1429861111111113,1.5014930555555552,0.0001999600079984003
c6_scale_probe:v3_1_c2_gpt_4_1_bundle_5_cluster_l2_v2__vs__v3_1_c6_gpt_4_1_bundle_5_cluster_l2_scale_7,c6_scale_probe,scale_probe,v3_1_c2_gpt_4_1_bundle_5_cluster_l2_v2,v3_1_c6_gpt_4_1_bundle_5_cluster_l2_scale_7,mean_score_expert_agreement_prob,30,0.004583333333333325,0.0,0.07750718357511854,0.059134303711232676,0.36666666666666664,-0.02416666666666667,0.03126041666666662,0.7686462707458508
c6_scale_probe:v3_1_c2_gpt_4_1_bundle_5_cluster_l2_v2__vs__v3_1_c6_gpt_4_1_bundle_5_cluster_l2_scale_7,c6_scale_probe,scale_probe,v3_1_c2_gpt_4_1_bundle_5_cluster_l2_v2,v3_1_c6_gpt_4_1_bundle_5_cluster_l2_scale_7,mean_subset_size,30,0.5111111111111112,0.5,0.5964186432000406,0.856967026330334,0.8333333333333334,0.30833333333333335,0.7277777777777779,0.0003999200159968006
c6_scale_probe:v3_1_c2_gpt_4_1_bundle_5_cluster_l2_v2__vs__v3_1_c6_gpt_4_1_bundle_5_cluster_l2_scale_7,c6_scale_probe,scale_probe,v3_1_c2_gpt_4_1_bundle_5_cluster_l2_v2,v3_1_c6_gpt_4_1_bundle_5_cluster_l2_scale_7,mid_scale_mass,30,0.15157407407407408,0.11805555555555547,0.20911625981204957,0.7248316042487872,0.6666666666666666,0.08610416666666665,0.22843055555555553,0.0001999600079984003
c6_scale_probe:v3_1_c2_gpt_4_1_bundle_5_cluster_l2_v2__vs__v3_1_c6_gpt_4_1_bundle_5_cluster_l2_scale_7,c6_scale_probe,scale_probe,v3_1_c2_gpt_4_1_bundle_5_cluster_l2_v2,v3_1_c6_gpt_4_1_bundle_5_cluster_l2_scale_7,singleton_rate,30,-0.30277777777777776,-0.25,0.426315483466373,-0.7102199885303024,0.1,-0.44722222222222224,-0.15277777777777776,0.0003999200159968006
c6_scale_probe:v3_1_c2_gpt_4_1_bundle_5_cluster_l2_v2__vs__v3_1_c6_gpt_4_1_bundle_5_cluster_l2_scale_7,c6_scale_probe,scale_probe,v3_1_c2_gpt_4_1_bundle_5_cluster_l2_v2,v3_1_c6_gpt_4_1_bundle_5_cluster_l2_scale_7,stage_entropy,30,-0.041144672123575844,-0.055933395965032495,0.2473943984941535,-0.16631206031347628,0.4,-0.12632856488934316,0.04865869146598393,0.3729254149170166
c6_scale_probe:v3_1_c2_gpt_4_1_bundle_5_cluster_l2_v2__vs__v3_1_c6_gpt_4_1_bundle_5_cluster_l2_scale_7,c6_scale_probe,scale_probe,v3_1_c2_gpt_4_1_bundle_5_cluster_l2_v2,v3_1_c6_gpt_4_1_bundle_5_cluster_l2_scale_7,tbm_conflict,30,-0.4828038896249999,-0.6519011000000001,0.5516176181496832,-0.8752510321270948,0.06666666666666667,-0.6654868309354167,-0.2839117912916666,0.0001999600079984003
c6_scale_probe:v3_1_c2_gpt_4_1_bundle_5_cluster_l2_v2__vs__v3_1_c6_gpt_4_1_bundle_5_cluster_l2_scale_7,c6_scale_probe,scale_probe,v3_1_c2_gpt_4_1_bundle_5_cluster_l2_v2,v3_1_c6_gpt_4_1_bundle_5_cluster_l2_scale_7,tbm_expected_stage,30,1.8592537210130777,1.7441284672000001,1.5014067161689801,1.238341150995506,0.9333333333333333,1.3073110787759934,2.352292397455402,0.0001999600079984003
c6_scale_probe:v3_1_c2_gpt_5_2_bundle_5_cluster_l2_v2__vs__v3_1_c6_gpt_5_2_bundle_5_cluster_l2_scale_7,c6_scale_probe,scale_probe,v3_1_c2_gpt_5_2_bundle_5_cluster_l2_v2,v3_1_c6_gpt_5_2_bundle_5_cluster_l2_scale_7,abstain_rate,30,-0.075,0.0,0.1489908583171094,-0.5033865892655734,0.06666666666666667,-0.125,-0.016666666666666666,0.022195560887822437
c6_scale_probe:v3_1_c2_gpt_5_2_bundle_5_cluster_l2_v2__vs__v3_1_c6_gpt_5_2_bundle_5_cluster_l2_scale_7,c6_scale_probe,scale_probe,v3_1_c2_gpt_5_2_bundle_5_cluster_l2_v2,v3_1_c6_gpt_5_2_bundle_5_cluster_l2_scale_7,closed_world_conflict,30,-0.2046658386666667,0.0,0.3945759895602583,-0.5186981572162055,0.06666666666666667,-0.3339920959333333,-0.07199962926666667,0.009598080383923215
c6_scale_probe:v3_1_c2_gpt_5_2_bundle_5_cluster_l2_v2__vs__v3_1_c6_gpt_5_2_bundle_5_cluster_l2_scale_7,c6_scale_probe,scale_probe,v3_1_c2_gpt_5_2_bundle_5_cluster_l2_v2,v3_1_c6_gpt_5_2_bundle_5_cluster_l2_scale_7,closed_world_expected_stage,30,1.890946702398262,1.92681064,0.3975962765258703,4.755946707854101,1.0,1.753532306443837,2.0286616041449563,0.0001999600079984003
c6_scale_probe:v3_1_c2_gpt_5_2_bundle_5_cluster_l2_v2__vs__v3_1_c6_gpt_5_2_bundle_5_cluster_l2_scale_7,c6_scale_probe,scale_probe,v3_1_c2_gpt_5_2_bundle_5_cluster_l2_v2,v3_1_c6_gpt_5_2_bundle_5_cluster_l2_scale_7,mean_expected_stage,30,1.5958333333333334,1.625,0.4106097115863703,3.8864968078029873,1.0,1.4569444444444444,1.7388888888888885,0.0001999600079984003
c6_scale_probe:v3_1_c2_gpt_5_2_bundle_5_cluster_l2_v2__vs__v3_1_c6_gpt_5_2_bundle_5_cluster_l2_scale_7,c6_scale_probe,scale_probe,v3_1_c2_gpt_5_2_bundle_5_cluster_l2_v2,v3_1_c6_gpt_5_2_bundle_5_cluster_l2_scale_7,mean_score_expert_agreement_prob,30,0.02874999999999999,0.02249999999999991,0.08389944206793243,0.34267212381128165,0.6333333333333333,-0.001916666666666674,0.0595,0.07018596280743851
c6_scale_probe:v3_1_c2_gpt_5_2_bundle_5_cluster_l2_v2__vs__v3_1_c6_gpt_5_2_bundle_5_cluster_l2_scale_7,c6_scale_probe,scale_probe,v3_1_c2_gpt_5_2_bundle_5_cluster_l2_v2,v3_1_c6_gpt_5_2_bundle_5_cluster_l2_scale_7,mean_subset_size,30,0.24722222222222223,0.25,0.5199484820731926,0.4754744570778861,0.6666666666666666,0.07215277777777779,0.43333333333333335,0.01879624075184963
c6_scale_probe:v3_1_c2_gpt_5_2_bundle_5_cluster_l2_v2__vs__v3_1_c6_gpt_5_2_bundle_5_cluster_l2_scale_7,c6_scale_probe,scale_probe,v3_1_c2_gpt_5_2_bundle_5_cluster_l2_v2,v3_1_c6_gpt_5_2_bundle_5_cluster_l2_scale_7,mid_scale_mass,30,0.12824074074074074,0.0,0.20680098441452752,0.6201166841821474,0.36666666666666664,0.05925925925925926,0.2014120370370369,0.0015996800639872025
c6_scale_probe:v3_1_c2_gpt_5_2_bundle_5_cluster_l2_v2__vs__v3_1_c6_gpt_5_2_bundle_5_cluster_l2_scale_7,c6_scale_probe,scale_probe,v3_1_c2_gpt_5_2_bundle_5_cluster_l2_v2,v3_1_c6_gpt_5_2_bundle_5_cluster_l2_scale_7,singleton_rate,30,-0.22777777777777777,-0.20833333333333331,0.4452459248423966,-0.5115774565671861,0.26666666666666666,-0.380625,-0.06666666666666665,0.012997400519896021
c6_scale_probe:v3_1_c2_gpt_5_2_bundle_5_cluster_l2_v2__vs__v3_1_c6_gpt_5_2_bundle_5_cluster_l2_scale_7,c6_scale_probe,scale_probe,v3_1_c2_gpt_5_2_bundle_5_cluster_l2_v2,v3_1_c6_gpt_5_2_bundle_5_cluster_l2_scale_7,stage_entropy,30,-0.06694865727993456,-0.08867138314267449,0.3461289977532093,-0.1934211167354117,0.36666666666666664,-0.18901544692412203,0.05766047489263437,0.29014197160567884
c6_scale_probe:v3_1_c2_gpt_5_2_bundle_5_cluster_l2_v2__vs__v3_1_c6_gpt_5_2_bundle_5_cluster_l2_scale_7,c6_scale_probe,scale_probe,v3_1_c2_gpt_5_2_bundle_5_cluster_l2_v2,v3_1_c6_gpt_5_2_bundle_5_cluster_l2_scale_7,tbm_conflict,30,-0.3204923774280209,-0.30166522803553564,0.4539806964656332,-0.7059603633439566,0.06666666666666667,-0.4712727543866595,-0.15449614070586884,0.0007998400319936012
c6_scale_probe:v3_1_c2_gpt_5_2_bundle_5_cluster_l2_v2__vs__v3_1_c6_gpt_5_2_bundle_5_cluster_l2_scale_7,c6_scale_probe,scale_probe,v3_1_c2_gpt_5_2_bundle_5_cluster_l2_v2,v3_1_c6_gpt_5_2_bundle_5_cluster_l2_scale_7,tbm_expected_stage,30,1.4160050344187,1.4699764544008145,0.32802294540744087,4.316786536563364,1.0,1.2985065446272719,1.5295545969622497,0.0001999600079984003
c7_bundle_5_cluster_l2_scale_9:v3_1_c7_gpt_4_1_bundle_5_cluster_l2_scale_9__vs__v3_1_c7_gpt_5_2_bundle_5_cluster_l2_scale_9,c7_bundle_5_cluster_l2_scale_9,model_comparison,v3_1_c7_gpt_4_1_bundle_5_cluster_l2_scale_9,v3_1_c7_gpt_5_2_bundle_5_cluster_l2_scale_9,abstain_rate,30,0.03333333333333333,0.0,0.10854312136382618,0.3070976116635082,0.16666666666666666,0.0,0.075,0.21535692861427713
c7_bundle_5_cluster_l2_scale_9:v3_1_c7_gpt_4_1_bundle_5_cluster_l2_scale_9__vs__v3_1_c7_gpt_5_2_bundle_5_cluster_l2_scale_9,c7_bundle_5_cluster_l2_scale_9,model_comparison,v3_1_c7_gpt_4_1_bundle_5_cluster_l2_scale_9,v3_1_c7_gpt_5_2_bundle_5_cluster_l2_scale_9,closed_world_conflict,30,0.3285389466666666,0.47301715999999994,0.3527475547766211,0.9313712943374343,0.8,0.19752125796666664,0.44785770319999985,0.0001999600079984003
c7_bundle_5_cluster_l2_scale_9:v3_1_c7_gpt_4_1_bundle_5_cluster_l2_scale_9__vs__v3_1_c7_gpt_5_2_bundle_5_cluster_l2_scale_9,c7_bundle_5_cluster_l2_scale_9,model_comparison,v3_1_c7_gpt_4_1_bundle_5_cluster_l2_scale_9,v3_1_c7_gpt_5_2_bundle_5_cluster_l2_scale_9,closed_world_expected_stage,30,-0.558303820602048,0.08782301110515763,2.261851950228472,-0.24683482070771837,0.6,-1.3264017640556631,0.21313262336034755,0.1867626474705059
c7_bundle_5_cluster_l2_scale_9:v3_1_c7_gpt_4_1_bundle_5_cluster_l2_scale_9__vs__v3_1_c7_gpt_5_2_bundle_5_cluster_l2_scale_9,c7_bundle_5_cluster_l2_scale_9,model_comparison,v3_1_c7_gpt_4_1_bundle_5_cluster_l2_scale_9,v3_1_c7_gpt_5_2_bundle_5_cluster_l2_scale_9,mean_expected_stage,30,0.13319444444444445,0.125,0.7171181036442232,0.18573571601048983,0.6333333333333333,-0.1310416666666666,0.389923611111111,0.3169366126774645
c7_bundle_5_cluster_l2_scale_9:v3_1_c7_gpt_4_1_bundle_5_cluster_l2_scale_9__vs__v3_1_c7_gpt_5_2_bundle_5_cluster_l2_scale_9,c7_bundle_5_cluster_l2_scale_9,model_comparison,v3_1_c7_gpt_4_1_bundle_5_cluster_l2_scale_9,v3_1_c7_gpt_5_2_bundle_5_cluster_l2_scale_9,mean_score_expert_agreement_prob,30,-0.20741666666666664,-0.1999999999999999,0.08725824566642174,-2.3770437404803757,0.0,-0.23975833333333332,-0.17875,0.0001999600079984003
c7_bundle_5_cluster_l2_scale_9:v3_1_c7_gpt_4_1_bundle_5_cluster_l2_scale_9__vs__v3_1_c7_gpt_5_2_bundle_5_cluster_l2_scale_9,c7_bundle_5_cluster_l2_scale_9,model_comparison,v3_1_c7_gpt_4_1_bundle_5_cluster_l2_scale_9,v3_1_c7_gpt_5_2_bundle_5_cluster_l2_scale_9,mean_subset_size,30,-0.8194444444444445,-0.75,0.789988643079206,-1.037286360536053,0.1,-1.088888888888889,-0.5611111111111111,0.0001999600079984003
c7_bundle_5_cluster_l2_scale_9:v3_1_c7_gpt_4_1_bundle_5_cluster_l2_scale_9__vs__v3_1_c7_gpt_5_2_bundle_5_cluster_l2_scale_9,c7_bundle_5_cluster_l2_scale_9,model_comparison,v3_1_c7_gpt_4_1_bundle_5_cluster_l2_scale_9,v3_1_c7_gpt_5_2_bundle_5_cluster_l2_scale_9,mid_scale_mass,30,0.0375,0.0,0.07973555430728285,0.4703046254056685,0.43333333333333335,0.01319444444444445,0.06944444444444448,0.0027994401119776045
c7_bundle_5_cluster_l2_scale_9:v3_1_c7_gpt_4_1_bundle_5_cluster_l2_scale_9__vs__v3_1_c7_gpt_5_2_bundle_5_cluster_l2_scale_9,c7_bundle_5_cluster_l2_scale_9,model_comparison,v3_1_c7_gpt_4_1_bundle_5_cluster_l2_scale_9,v3_1_c7_gpt_5_2_bundle_5_cluster_l2_scale_9,singleton_rate,30,0.3055555555555555,0.25,0.3741742718253633,0.8166129490008499,0.7,0.1722222222222222,0.4334027777777774,0.0001999600079984003
c7_bundle_5_cluster_l2_scale_9:v3_1_c7_gpt_4_1_bundle_5_cluster_l2_scale_9__vs__v3_1_c7_gpt_5_2_bundle_5_cluster_l2_scale_9,c7_bundle_5_cluster_l2_scale_9,model_comparison,v3_1_c7_gpt_4_1_bundle_5_cluster_l2_scale_9,v3_1_c7_gpt_5_2_bundle_5_cluster_l2_scale_9,stage_entropy,30,-0.2633115224026412,-0.2140520966791164,0.23139076462352426,-1.1379517364534943,0.1,-0.34902447948041576,-0.18545826589700995,0.0001999600079984003
c7_bundle_5_cluster_l2_scale_9:v3_1_c7_gpt_4_1_bundle_5_cluster_l2_scale_9__vs__v3_1_c7_gpt_5_2_bundle_5_cluster_l2_scale_9,c7_bundle_5_cluster_l2_scale_9,model_comparison,v3_1_c7_gpt_4_1_bundle_5_cluster_l2_scale_9,v3_1_c7_gpt_5_2_bundle_5_cluster_l2_scale_9,tbm_conflict,30,0.19153165285755908,0.21640492181027762,0.40611618077930056,0.4716178815875472,0.6333333333333333,0.050765767442240206,0.3386060774311825,0.016596680663867228
c7_bundle_5_cluster_l2_scale_9:v3_1_c7_gpt_4_1_bundle_5_cluster_l2_scale_9__vs__v3_1_c7_gpt_5_2_bundle_5_cluster_l2_scale_9,c7_bundle_5_cluster_l2_scale_9,model_comparison,v3_1_c7_gpt_4_1_bundle_5_cluster_l2_scale_9,v3_1_c7_gpt_5_2_bundle_5_cluster_l2_scale_9,tbm_expected_stage,30,1.038322103505036,1.231975600148031,1.7141127159875178,0.6057490232821989,0.6666666666666666,0.3928878249719224,1.630794199096069,0.001999600079984003
c7_scale_probe:v3_1_c2_gpt_4_1_bundle_5_cluster_l2_v2__vs__v3_1_c7_gpt_4_1_bundle_5_cluster_l2_scale_9,c7_scale_probe,scale_probe,v3_1_c2_gpt_4_1_bundle_5_cluster_l2_v2,v3_1_c7_gpt_4_1_bundle_5_cluster_l2_scale_9,abstain_rate,30,-0.058333333333333334,0.0,0.21458995916564375,-0.27183626652496523,0.06666666666666667,-0.14166666666666666,0.008333333333333333,0.26374725054989
c7_scale_probe:v3_1_c2_gpt_4_1_bundle_5_cluster_l2_v2__vs__v3_1_c7_gpt_4_1_bundle_5_cluster_l2_scale_9,c7_scale_probe,scale_probe,v3_1_c2_gpt_4_1_bundle_5_cluster_l2_v2,v3_1_c7_gpt_4_1_bundle_5_cluster_l2_scale_9,closed_world_conflict,30,-0.31901208333333325,-0.6433,0.6739804463109584,-0.47332542817740547,0.3,-0.5521022499999999,-0.058438416666666736,0.014997000599880024
c7_scale_probe:v3_1_c2_gpt_4_1_bundle_5_cluster_l2_v2__vs__v3_1_c7_gpt_4_1_bundle_5_cluster_l2_scale_9,c7_scale_probe,scale_probe,v3_1_c2_gpt_4_1_bundle_5_cluster_l2_v2,v3_1_c7_gpt_4_1_bundle_5_cluster_l2_scale_9,closed_world_expected_stage,30,-0.6912221904410216,-1.0,1.9860977860286557,-0.34803029100755895,0.36666666666666664,-1.339388698245534,0.02551778094565634,0.0691861627674465
c7_scale_probe:v3_1_c2_gpt_4_1_bundle_5_cluster_l2_v2__vs__v3_1_c7_gpt_4_1_bundle_5_cluster_l2_scale_9,c7_scale_probe,scale_probe,v3_1_c2_gpt_4_1_bundle_5_cluster_l2_v2,v3_1_c7_gpt_4_1_bundle_5_cluster_l2_scale_9,mean_expected_stage,30,2.1468981481481477,2.21875,0.6764046415095231,3.1739849439189896,1.0,1.9093900462962963,2.3810277777777773,0.0001999600079984003
c7_scale_probe:v3_1_c2_gpt_4_1_bundle_5_cluster_l2_v2__vs__v3_1_c7_gpt_4_1_bundle_5_cluster_l2_scale_9,c7_scale_probe,scale_probe,v3_1_c2_gpt_4_1_bundle_5_cluster_l2_v2,v3_1_c7_gpt_4_1_bundle_5_cluster_l2_scale_9,mean_score_expert_agreement_prob,30,0.005833333333333331,-5.551115123125783e-17,0.06277811684036876,0.09291985212245603,0.4,-0.014583333333333334,0.02875000000000001,0.6362727454509098
c7_scale_probe:v3_1_c2_gpt_4_1_bundle_5_cluster_l2_v2__vs__v3_1_c7_gpt_4_1_bundle_5_cluster_l2_scale_9,c7_scale_probe,scale_probe,v3_1_c2_gpt_4_1_bundle_5_cluster_l2_v2,v3_1_c7_gpt_4_1_bundle_5_cluster_l2_scale_9,mean_subset_size,30,0.7944444444444445,0.75,0.7892759829533151,1.006548357738937,0.8666666666666667,0.5332638888888889,1.064027777777777,0.0001999600079984003
c7_scale_probe:v3_1_c2_gpt_4_1_bundle_5_cluster_l2_v2__vs__v3_1_c7_gpt_4_1_bundle_5_cluster_l2_scale_9,c7_scale_probe,scale_probe,v3_1_c2_gpt_4_1_bundle_5_cluster_l2_v2,v3_1_c7_gpt_4_1_bundle_5_cluster_l2_scale_9,mid_scale_mass,30,0.15324074074074073,0.125,0.2435642824200254,0.6291593300058579,0.6333333333333333,0.07453125,0.2449247685185184,0.0007998400319936012
c7_scale_probe:v3_1_c2_gpt_4_1_bundle_5_cluster_l2_v2__vs__v3_1_c7_gpt_4_1_bundle_5_cluster_l2_scale_9,c7_scale_probe,scale_probe,v3_1_c2_gpt_4_1_bundle_5_cluster_l2_v2,v3_1_c7_gpt_4_1_bundle_5_cluster_l2_scale_9,singleton_rate,30,-0.3055555555555555,-0.25,0.3811490324397497,-0.8016695033952536,0.1,-0.4305555555555555,-0.1722222222222222,0.0001999600079984003
c7_scale_probe:v3_1_c2_gpt_4_1_bundle_5_cluster_l2_v2__vs__v3_1_c7_gpt_4_1_bundle_5_cluster_l2_scale_9,c7_scale_probe,scale_probe,v3_1_c2_gpt_4_1_bundle_5_cluster_l2_v2,v3_1_c7_gpt_4_1_bundle_5_cluster_l2_scale_9,stage_entropy,30,-0.04053740140491991,-0.04533855780256568,0.2482211843735436,-0.16331161059934315,0.4,-0.12292167331110442,0.045850176326082105,0.3823235352929414
c7_scale_probe:v3_1_c2_gpt_4_1_bundle_5_cluster_l2_v2__vs__v3_1_c7_gpt_4_1_bundle_5_cluster_l2_scale_9,c7_scale_probe,scale_probe,v3_1_c2_gpt_4_1_bundle_5_cluster_l2_v2,v3_1_c7_gpt_4_1_bundle_5_cluster_l2_scale_9,tbm_conflict,30,-0.23010327906353334,-0.2704017344,0.6414016605531697,-0.3587506756142217,0.23333333333333334,-0.44271560353835837,0.0034355719629215685,0.0609878024395121
c7_scale_probe:v3_1_c2_gpt_4_1_bundle_5_cluster_l2_v2__vs__v3_1_c7_gpt_4_1_bundle_5_cluster_l2_scale_9,c7_scale_probe,scale_probe,v3_1_c2_gpt_4_1_bundle_5_cluster_l2_v2,v3_1_c7_gpt_4_1_bundle_5_cluster_l2_scale_9,tbm_expected_stage,30,0.09891392740524338,0.04561981121445924,2.3012543583726552,0.0429826138277,0.5,-0.7008115922130909,0.884662044820187,0.8184363127374525
c7_scale_probe:v3_1_c2_gpt_5_2_bundle_5_cluster_l2_v2__vs__v3_1_c7_gpt_5_2_bundle_5_cluster_l2_scale_9,c7_scale_probe,scale_probe,v3_1_c2_gpt_5_2_bundle_5_cluster_l2_v2,v3_1_c7_gpt_5_2_bundle_5_cluster_l2_scale_9,abstain_rate,30,-0.06666666666666667,0.0,0.18491998891101682,-0.3605162809021503,0.16666666666666666,-0.1252083333333333,0.0,0.09918016396720655
c7_scale_probe:v3_1_c2_gpt_5_2_bundle_5_cluster_l2_v2__vs__v3_1_c7_gpt_5_2_bundle_5_cluster_l2_scale_9,c7_scale_probe,scale_probe,v3_1_c2_gpt_5_2_bundle_5_cluster_l2_v2,v3_1_c7_gpt_5_2_bundle_5_cluster_l2_scale_9,closed_world_conflict,30,0.34078793199999996,0.45450599999999997,0.320500235456949,1.0633000987163894,0.7666666666666667,0.2255726517333333,0.45003800839999986,0.0001999600079984003
c7_scale_probe:v3_1_c2_gpt_5_2_bundle_5_cluster_l2_v2__vs__v3_1_c7_gpt_5_2_bundle_5_cluster_l2_scale_9,c7_scale_probe,scale_probe,v3_1_c2_gpt_5_2_bundle_5_cluster_l2_v2,v3_1_c7_gpt_5_2_bundle_5_cluster_l2_scale_9,closed_world_expected_stage,30,-1.270818353288508,-1.5789615941836006,1.0738235465143788,-1.183451748114085,0.13333333333333333,-1.6112678954241026,-0.8886275684985208,0.0001999600079984003
c7_scale_probe:v3_1_c2_gpt_5_2_bundle_5_cluster_l2_v2__vs__v3_1_c7_gpt_5_2_bundle_5_cluster_l2_scale_9,c7_scale_probe,scale_probe,v3_1_c2_gpt_5_2_bundle_5_cluster_l2_v2,v3_1_c7_gpt_5_2_bundle_5_cluster_l2_scale_9,mean_expected_stage,30,2.7134259259259257,2.75,0.5343595866098984,5.0779025845508485,1.0,2.5300231481481483,2.9106481481481477,0.0001999600079984003
c7_scale_probe:v3_1_c2_gpt_5_2_bundle_5_cluster_l2_v2__vs__v3_1_c7_gpt_5_2_bundle_5_cluster_l2_scale_9,c7_scale_probe,scale_probe,v3_1_c2_gpt_5_2_bundle_5_cluster_l2_v2,v3_1_c7_gpt_5_2_bundle_5_cluster_l2_scale_9,mean_score_expert_agreement_prob,30,0.02966666666666667,0.03125,0.08456973589816308,0.3507953093573638,0.6666666666666666,-0.000583333333333314,0.05783333333333333,0.0617876424715057
c7_scale_probe:v3_1_c2_gpt_5_2_bundle_5_cluster_l2_v2__vs__v3_1_c7_gpt_5_2_bundle_5_cluster_l2_scale_9,c7_scale_probe,scale_probe,v3_1_c2_gpt_5_2_bundle_5_cluster_l2_v2,v3_1_c7_gpt_5_2_bundle_5_cluster_l2_scale_9,mean_subset_size,30,0.26666666666666666,0.25,0.48512351786550906,0.5496881862993802,0.6666666666666666,0.11104166666666669,0.438958333333333,0.005398920215956809
c7_scale_probe:v3_1_c2_gpt_5_2_bundle_5_cluster_l2_v2__vs__v3_1_c7_gpt_5_2_bundle_5_cluster_l2_scale_9,c7_scale_probe,scale_probe,v3_1_c2_gpt_5_2_bundle_5_cluster_l2_v2,v3_1_c7_gpt_5_2_bundle_5_cluster_l2_scale_9,mid_scale_mass,30,0.1324074074074074,0.0,0.2071239910432235,0.6392663966183235,0.4,0.06527777777777777,0.20604166666666654,0.0013997200559888023
c7_scale_probe:v3_1_c2_gpt_5_2_bundle_5_cluster_l2_v2__vs__v3_1_c7_gpt_5_2_bundle_5_cluster_l2_scale_9,c7_scale_probe,scale_probe,v3_1_c2_gpt_5_2_bundle_5_cluster_l2_v2,v3_1_c7_gpt_5_2_bundle_5_cluster_l2_scale_9,singleton_rate,30,-0.20277777777777778,-0.16666666666666663,0.3869787517143756,-0.5240023564070144,0.3,-0.33888888888888885,-0.0722222222222222,0.008398320335932814
c7_scale_probe:v3_1_c2_gpt_5_2_bundle_5_cluster_l2_v2__vs__v3_1_c7_gpt_5_2_bundle_5_cluster_l2_scale_9,c7_scale_probe,scale_probe,v3_1_c2_gpt_5_2_bundle_5_cluster_l2_v2,v3_1_c7_gpt_5_2_bundle_5_cluster_l2_scale_9,stage_entropy,30,-0.08253792421876278,-0.08253719085524808,0.3399464062218412,-0.24279687241317807,0.4,-0.19780773328324758,0.043393702412369395,0.2001599680063987
c7_scale_probe:v3_1_c2_gpt_5_2_bundle_5_cluster_l2_v2__vs__v3_1_c7_gpt_5_2_bundle_5_cluster_l2_scale_9,c7_scale_probe,scale_probe,v3_1_c2_gpt_5_2_bundle_5_cluster_l2_v2,v3_1_c7_gpt_5_2_bundle_5_cluster_l2_scale_9,tbm_conflict,30,0.20207351255311495,0.15390153019229114,0.4393254330853243,0.45996315563608386,0.6,0.04412528397065023,0.3510046682003265,0.01839632073585283
c7_scale_probe:v3_1_c2_gpt_5_2_bundle_5_cluster_l2_v2__vs__v3_1_c7_gpt_5_2_bundle_5_cluster_l2_scale_9,c7_scale_probe,scale_probe,v3_1_c2_gpt_5_2_bundle_5_cluster_l2_v2,v3_1_c7_gpt_5_2_bundle_5_cluster_l2_scale_9,tbm_expected_stage,30,0.6263190603544116,0.6164946769237059,0.5739022638429953,1.0913340124508661,0.9,0.41943666404529295,0.8300715938210107,0.0001999600079984003
c7_scale_probe_step:v3_1_c6_gpt_4_1_bundle_5_cluster_l2_scale_7__vs__v3_1_c7_gpt_4_1_bundle_5_cluster_l2_scale_9,c7_scale_probe_step,scale_probe_step,v3_1_c6_gpt_4_1_bundle_5_cluster_l2_scale_7,v3_1_c7_gpt_4_1_bundle_5_cluster_l2_scale_9,abstain_rate,30,0.008333333333333333,0.0,0.0799604787436865,0.10421815207042284,0.06666666666666667,-0.016666666666666666,0.041666666666666664,1.0
c7_scale_probe_step:v3_1_c6_gpt_4_1_bundle_5_cluster_l2_scale_7__vs__v3_1_c7_gpt_4_1_bundle_5_cluster_l2_scale_9,c7_scale_probe_step,scale_probe_step,v3_1_c6_gpt_4_1_bundle_5_cluster_l2_scale_7,v3_1_c7_gpt_4_1_bundle_5_cluster_l2_scale_9,closed_world_conflict,30,0.012813333333333359,0.025000000000000022,0.43308652012146426,0.02958608208295125,0.5,-0.14241745833333327,0.16071054166666654,0.8760247950409918
c7_scale_probe_step:v3_1_c6_gpt_4_1_bundle_5_cluster_l2_scale_7__vs__v3_1_c7_gpt_4_1_bundle_5_cluster_l2_scale_9,c7_scale_probe_step,scale_probe_step,v3_1_c6_gpt_4_1_bundle_5_cluster_l2_scale_7,v3_1_c7_gpt_4_1_bundle_5_cluster_l2_scale_9,closed_world_expected_stage,30,-2.3535320244660527,-3.235571319018405,1.8541609484789725,-1.269324556962938,0.13333333333333333,-2.998337409123169,-1.6715375389453393,0.0001999600079984003
c7_scale_probe_step:v3_1_c6_gpt_4_1_bundle_5_cluster_l2_scale_7__vs__v3_1_c7_gpt_4_1_bundle_5_cluster_l2_scale_9,c7_scale_probe_step,scale_probe_step,v3_1_c6_gpt_4_1_bundle_5_cluster_l2_scale_7,v3_1_c7_gpt_4_1_bundle_5_cluster_l2_scale_9,mean_expected_stage,30,0.8205092592592591,0.8250000000000002,0.5709191123444859,1.437172519745973,0.9333333333333333,0.6227129629629629,1.0191377314814813,0.0001999600079984003
c7_scale_probe_step:v3_1_c6_gpt_4_1_bundle_5_cluster_l2_scale_7__vs__v3_1_c7_gpt_4_1_bundle_5_cluster_l2_scale_9,c7_scale_probe_step,scale_probe_step,v3_1_c6_gpt_4_1_bundle_5_cluster_l2_scale_7,v3_1_c7_gpt_4_1_bundle_5_cluster_l2_scale_9,mean_score_expert_agreement_prob,30,0.0012500000000000067,-0.006250000000000033,0.06754229198729161,0.018506923043642046,0.3333333333333333,-0.02041666666666669,0.027093749999999972,0.9236152769446111
c7_scale_probe_step:v3_1_c6_gpt_4_1_bundle_5_cluster_l2_scale_7__vs__v3_1_c7_gpt_4_1_bundle_5_cluster_l2_scale_9,c7_scale_probe_step,scale_probe_step,v3_1_c6_gpt_4_1_bundle_5_cluster_l2_scale_7,v3_1_c7_gpt_4_1_bundle_5_cluster_l2_scale_9,mean_subset_size,30,0.2833333333333333,0.25,0.8178445645724902,0.3464390980961516,0.5333333333333333,-0.019444444444444434,0.5722222222222222,0.07438512297540492
c7_scale_probe_step:v3_1_c6_gpt_4_1_bundle_5_cluster_l2_scale_7__vs__v3_1_c7_gpt_4_1_bundle_5_cluster_l2_scale_9,c7_scale_probe_step,scale_probe_step,v3_1_c6_gpt_4_1_bundle_5_cluster_l2_scale_7,v3_1_c7_gpt_4_1_bundle_5_cluster_l2_scale_9,mid_scale_mass,30,0.0016666666666666607,0.0,0.08919472649050769,0.018685708586639718,0.36666666666666664,-0.030972222222222238,0.03152777777777776,0.9288142371525695
c7_scale_probe_step:v3_1_c6_gpt_4_1_bundle_5_cluster_l2_scale_7__vs__v3_1_c7_gpt_4_1_bundle_5_cluster_l2_scale_9,c7_scale_probe_step,scale_probe_step,v3_1_c6_gpt_4_1_bundle_5_cluster_l2_scale_7,v3_1_c7_gpt_4_1_bundle_5_cluster_l2_scale_9,singleton_rate,30,-0.002777777777777777,0.0,0.29400404424634297,-0.009448093766527598,0.26666666666666666,-0.10277777777777777,0.1,1.0
c7_scale_probe_step:v3_1_c6_gpt_4_1_bundle_5_cluster_l2_scale_7__vs__v3_1_c7_gpt_4_1_bundle_5_cluster_l2_scale_9,c7_scale_probe_step,scale_probe_step,v3_1_c6_gpt_4_1_bundle_5_cluster_l2_scale_7,v3_1_c7_gpt_4_1_bundle_5_cluster_l2_scale_9,stage_entropy,30,0.0006072707186559426,-0.007875609379472959,0.1826243615825651,0.003325244854484507,0.5,-0.06648495977914386,0.06362794554406738,0.9860027994401119
c7_scale_probe_step:v3_1_c6_gpt_4_1_bundle_5_cluster_l2_scale_7__vs__v3_1_c7_gpt_4_1_bundle_5_cluster_l2_scale_9,c7_scale_probe_step,scale_probe_step,v3_1_c6_gpt_4_1_bundle_5_cluster_l2_scale_7,v3_1_c7_gpt_4_1_bundle_5_cluster_l2_scale_9,tbm_conflict,30,0.2527006105614667,0.32920354399999996,0.48945211828433277,0.5162928121493342,0.6333333333333333,0.07798894571267331,0.42683094826655327,0.008998200359928014
c7_scale_probe_step:v3_1_c6_gpt_4_1_bundle_5_cluster_l2_scale_7__vs__v3_1_c7_gpt_4_1_bundle_5_cluster_l2_scale_9,c7_scale_probe_step,scale_probe_step,v3_1_c6_gpt_4_1_bundle_5_cluster_l2_scale_7,v3_1_c7_gpt_4_1_bundle_5_cluster_l2_scale_9,tbm_expected_stage,30,-1.7603397936078342,-1.889626885904259,2.0386282398496256,-0.8634923029113348,0.2,-2.4641473536263847,-1.058210528071281,0.0001999600079984003
c7_scale_probe_step:v3_1_c6_gpt_5_2_bundle_5_cluster_l2_scale_7__vs__v3_1_c7_gpt_5_2_bundle_5_cluster_l2_scale_9,c7_scale_probe_step,scale_probe_step,v3_1_c6_gpt_5_2_bundle_5_cluster_l2_scale_7,v3_1_c7_gpt_5_2_bundle_5_cluster_l2_scale_9,abstain_rate,30,0.008333333333333333,0.0,0.15373697496459454,0.0542051340300698,0.2,-0.05,0.058333333333333334,1.0
c7_scale_probe_step:v3_1_c6_gpt_5_2_bundle_5_cluster_l2_scale_7__vs__v3_1_c7_gpt_5_2_bundle_5_cluster_l2_scale_9,c7_scale_probe_step,scale_probe_step,v3_1_c6_gpt_5_2_bundle_5_cluster_l2_scale_7,v3_1_c7_gpt_5_2_bundle_5_cluster_l2_scale_9,closed_world_conflict,30,0.5454537706666667,0.62250616,0.22927488775769622,2.3790384372278774,0.9333333333333333,0.46035303893333335,0.6241415597333334,0.0001999600079984003
c7_scale_probe_step:v3_1_c6_gpt_5_2_bundle_5_cluster_l2_scale_7__vs__v3_1_c7_gpt_5_2_bundle_5_cluster_l2_scale_9,c7_scale_probe_step,scale_probe_step,v3_1_c6_gpt_5_2_bundle_5_cluster_l2_scale_7,v3_1_c7_gpt_5_2_bundle_5_cluster_l2_scale_9,closed_world_expected_stage,30,-3.1617650556867702,-3.476073906727472,0.9188187229864403,-3.441119533796691,0.0,-3.4599228355143006,-2.814161504121706,0.0001999600079984003
c7_scale_probe_step:v3_1_c6_gpt_5_2_bundle_5_cluster_l2_scale_7__vs__v3_1_c7_gpt_5_2_bundle_5_cluster_l2_scale_9,c7_scale_probe_step,scale_probe_step,v3_1_c6_gpt_5_2_bundle_5_cluster_l2_scale_7,v3_1_c7_gpt_5_2_bundle_5_cluster_l2_scale_9,mean_expected_stage,30,1.1175925925925925,1.1458333333333335,0.5777042454927905,1.9345410758393664,0.9666666666666667,0.9064699074074074,1.3139004629629631,0.0001999600079984003
c7_scale_probe_step:v3_1_c6_gpt_5_2_bundle_5_cluster_l2_scale_7__vs__v3_1_c7_gpt_5_2_bundle_5_cluster_l2_scale_9,c7_scale_probe_step,scale_probe_step,v3_1_c6_gpt_5_2_bundle_5_cluster_l2_scale_7,v3_1_c7_gpt_5_2_bundle_5_cluster_l2_scale_9,mean_score_expert_agreement_prob,30,0.0009166666666666804,-0.0025000000000000022,0.08836026210656142,0.010374195875077773,0.5,-0.030666666666666658,0.03017083333333334,0.9550089982003599
c7_scale_probe_step:v3_1_c6_gpt_5_2_bundle_5_cluster_l2_scale_7__vs__v3_1_c7_gpt_5_2_bundle_5_cluster_l2_scale_9,c7_scale_probe_step,scale_probe_step,v3_1_c6_gpt_5_2_bundle_5_cluster_l2_scale_7,v3_1_c7_gpt_5_2_bundle_5_cluster_l2_scale_9,mean_subset_size,30,0.019444444444444448,0.0,0.4998483167112093,0.038900690058097376,0.4,-0.1583333333333333,0.188958333333333,0.8414317136572685
c7_scale_probe_step:v3_1_c6_gpt_5_2_bundle_5_cluster_l2_scale_7__vs__v3_1_c7_gpt_5_2_bundle_5_cluster_l2_scale_9,c7_scale_probe_step,scale_probe_step,v3_1_c6_gpt_5_2_bundle_5_cluster_l2_scale_7,v3_1_c7_gpt_5_2_bundle_5_cluster_l2_scale_9,mid_scale_mass,30,0.004166666666666655,0.0,0.05173012417466672,0.0805462336142459,0.13333333333333333,-0.012500000000000011,0.024999999999999984,0.9398120375924816
c7_scale_probe_step:v3_1_c6_gpt_5_2_bundle_5_cluster_l2_scale_7__vs__v3_1_c7_gpt_5_2_bundle_5_cluster_l2_scale_9,c7_scale_probe_step,scale_probe_step,v3_1_c6_gpt_5_2_bundle_5_cluster_l2_scale_7,v3_1_c7_gpt_5_2_bundle_5_cluster_l2_scale_9,singleton_rate,30,0.02499999999999999,0.0,0.4410400021822331,0.056684200699033765,0.43333333333333335,-0.13055555555555554,0.17222222222222217,0.7830433913217356
c7_scale_probe_step:v3_1_c6_gpt_5_2_bundle_5_cluster_l2_scale_7__vs__v3_1_c7_gpt_5_2_bundle_5_cluster_l2_scale_9,c7_scale_probe_step,scale_probe_step,v3_1_c6_gpt_5_2_bundle_5_cluster_l2_scale_7,v3_1_c7_gpt_5_2_bundle_5_cluster_l2_scale_9,stage_entropy,30,-0.015589266938828238,-0.06069907920720996,0.23422187720945906,-0.06655768933525849,0.4666666666666667,-0.09688819469470726,0.0691722930576909,0.7178564287142571
c7_scale_probe_step:v3_1_c6_gpt_5_2_bundle_5_cluster_l2_scale_7__vs__v3_1_c7_gpt_5_2_bundle_5_cluster_l2_scale_9,c7_scale_probe_step,scale_probe_step,v3_1_c6_gpt_5_2_bundle_5_cluster_l2_scale_7,v3_1_c7_gpt_5_2_bundle_5_cluster_l2_scale_9,tbm_conflict,30,0.5225658899811357,0.5854476219761995,0.3719319318250061,1.4050041022748294,0.8,0.3846165668903893,0.6486725539044925,0.0001999600079984003
c7_scale_probe_step:v3_1_c6_gpt_5_2_bundle_5_cluster_l2_scale_7__vs__v3_1_c7_gpt_5_2_bundle_5_cluster_l2_scale_9,c7_scale_probe_step,scale_probe_step,v3_1_c6_gpt_5_2_bundle_5_cluster_l2_scale_7,v3_1_c7_gpt_5_2_bundle_5_cluster_l2_scale_9,tbm_expected_stage,30,-0.7896859740642881,-0.7912546158104832,0.4785204203185556,-1.6502659876846775,0.0,-0.9643068696810277,-0.6286163519049806,0.0001999600079984003
d1_control:v3_d1_control_gpt_4_1__vs__v3_d1_control_gpt_5_2,d1_control,model_comparison,v3_d1_control_gpt_4_1,v3_d1_control_gpt_5_2,abstain_rate,30,0.09166666666666666,0.0,0.36838026954290826,0.248837069315379,0.3,-0.03354166666666666,0.225,0.23215356928614278
d1_control:v3_d1_control_gpt_4_1__vs__v3_d1_control_gpt_5_2,d1_control,model_comparison,v3_d1_control_gpt_4_1,v3_d1_control_gpt_5_2,closed_world_conflict,4,0.0,0.0,0.0,,0.0,0.0,0.0,1.0
d1_control:v3_d1_control_gpt_4_1__vs__v3_d1_control_gpt_5_2,d1_control,model_comparison,v3_d1_control_gpt_4_1,v3_d1_control_gpt_5_2,closed_world_expected_stage,4,0.029890987499999966,0.007349999999999968,0.05006603395667192,0.5970312632685901,1.0,0.0018760874999999566,0.08044687499999997,0.1241751649670066
d1_control:v3_d1_control_gpt_4_1__vs__v3_d1_control_gpt_5_2,d1_control,model_comparison,v3_d1_control_gpt_4_1,v3_d1_control_gpt_5_2,mean_expected_stage,4,0.0,0.0,0.0,,0.0,0.0,0.0,1.0
d1_control:v3_d1_control_gpt_4_1__vs__v3_d1_control_gpt_5_2,d1_control,model_comparison,v3_d1_control_gpt_4_1,v3_d1_control_gpt_5_2,mean_score_expert_agreement_prob,30,-0.07099999999999998,-0.06750000000000006,0.07775292432686574,-0.9131489344570871,0.03333333333333333,-0.0994208333333333,-0.044164583333333333,0.0001999600079984003
d1_control:v3_d1_control_gpt_4_1__vs__v3_d1_control_gpt_5_2,d1_control,model_comparison,v3_d1_control_gpt_4_1,v3_d1_control_gpt_5_2,mean_subset_size,4,0.0,0.0,0.0,,0.0,0.0,0.0,1.0
d1_control:v3_d1_control_gpt_4_1__vs__v3_d1_control_gpt_5_2,d1_control,model_comparison,v3_d1_control_gpt_4_1,v3_d1_control_gpt_5_2,mid_scale_mass,30,-0.058333333333333334,0.0,0.22440854574257832,-0.2599425665377654,0.0,-0.15833333333333333,0.0,0.4989002199560088
d1_control:v3_d1_control_gpt_4_1__vs__v3_d1_control_gpt_5_2,d1_control,model_comparison,v3_d1_control_gpt_4_1,v3_d1_control_gpt_5_2,singleton_rate,4,0.0,0.0,0.0,,0.0,0.0,0.0,1.0
d1_control:v3_d1_control_gpt_4_1__vs__v3_d1_control_gpt_5_2,d1_control,model_comparison,v3_d1_control_gpt_4_1,v3_d1_control_gpt_5_2,stage_entropy,30,-0.01352130207431888,0.0,0.07405922152945843,-0.1825741858350554,0.0,-0.04056390622295664,0.0,1.0
d1_control:v3_d1_control_gpt_4_1__vs__v3_d1_control_gpt_5_2,d1_control,model_comparison,v3_d1_control_gpt_4_1,v3_d1_control_gpt_5_2,tbm_conflict,30,-0.05039479533333335,-2.2049999999995684e-05,0.33118235293341336,-0.15216630622666538,0.03333333333333333,-0.18361509576666668,0.0664091386083333,0.2553489302139572
d1_control:v3_d1_control_gpt_4_1__vs__v3_d1_control_gpt_5_2,d1_control,model_comparison,v3_d1_control_gpt_4_1,v3_d1_control_gpt_5_2,tbm_expected_stage,30,0.2748742810526684,0.0,0.7037158648986912,0.3906040701416332,0.2,0.049034717189851286,0.5373157108621087,0.03219356128774245
